show_id,type,title,director,cast,country,date_added,release_year,rating,duration,listed_in,description
s572,Movie,Wild Storm,,,Mexico,"November 2, 2022",2008,R,104 min,Sci-Fi & Fantasy,An emotional journey that blends humor and heartbreak in equal measure.
s1091,Movie,Sacred River,,"Priya Tanaka, James Sharma",India,"March 22, 2018",2014,TV-MA,108 min,Independent Movies,An emotional journey that blends humor and heartbreak in equal measure.
s775,TV Show,Shattered Promise,Meera Johnson,"Fatima Kim, Elena Nguyen, Grace Silva",United States,"June 10, 2017",2009,TV-14,5 Seasons,Romantic TV Shows,A heartfelt look at ordinary lives caught in extraordinary circumstances.
s405,TV Show,Dark Echoes,,"Wei Costa, Elena Park, Aiko Tanaka, Diego Silva",India,"November 21, 2020",2007,TV-14,1 Season,Romantic TV Shows,"Set against a vivid backdrop, this tells a tale of ambition, loss, and reinvention."
s76,Movie,Shattered Journey,Aarav Cohen,,South Korea,"March 24, 2019",2015,TV-MA,166 min,"Sci-Fi & Fantasy, Dramas","Set against a vivid backdrop, this tells a tale of ambition, loss, and reinvention."
s120,TV Show,Wild Empire: Tapes,Aiko Kim,"Grace Brown, Carlos Müller, Sofia Müller, James Tanaka",Germany,"September 19, 2023",2011,TV-14,1 Season,Docuseries,A heartfelt look at ordinary lives caught in extraordinary circumstances.
s922,TV Show,Frozen Legacy: Files,,,Mexico,"October 27, 2018",2008,TV-PG,5 Seasons,"Anime Series, Crime TV Shows",A heartfelt look at ordinary lives caught in extraordinary circumstances.
s595,Movie,Golden Skyline,Meera Park,"Yuki Park, Amara Fernandez, Lucas Fernandez",United States,"May 12, 2022",2015,PG-13,124 min,"Comedies, Independent Movies",A heartfelt look at ordinary lives caught in extraordinary circumstances.
s766,Movie,Burning Symphony,,"Aiko Khan, Fatima Park, Lucas Khan, Fatima Silva, James Rossi",United States,"January 1, 2023",2015,R,88 min,"Comedies, Children & Family Movies",A gripping story that follows unexpected turns as characters confront their past.
s268,Movie,Quiet Symphony,,"Wei Kim, Amara Tanaka, Daniel Nguyen",Australia,"March 17, 2024",2021,TV-14,155 min,"Horror Movies, Romantic Movies, Dramas",A heartfelt look at ordinary lives caught in extraordinary circumstances.
s1048,TV Show,Last River,,"Priya Kim, James Brown, Sofia Rossi, Aiko Cohen, James Costa",France,"March 26, 2022",2022,TV-Y7,3 Seasons,"International TV Shows, Docuseries",An emotional journey that blends humor and heartbreak in equal measure.
s936,Movie,Sacred Empire,,"Wei Cohen, Lucas Dubois",Brazil,"May 19, 2024",2024,TV-14,83 min,"Independent Movies, Children & Family Movies, Action & Adventure","A tightly wound story exploring family, betrayal, and the search for belonging."
s66,TV Show,Shattered River,,"Yuki Brown, Priya Kim, Wei Patel, Fatima Kim",  united states  ,"October 13, 2023",2023,TV-MA,1 Season,"Docuseries, TV Dramas, Romantic TV Shows",A gripping story that follows unexpected turns as characters confront their past.
s671,TV Show,Forgotten Symphony,,"Elena Müller, Fatima Kim",United States,"November 17, 2023",2023,TV-14,4 Seasons,Kids' TV,A gripping story that follows unexpected turns as characters confront their past.
s269,Movie,Quiet Empire,Sofia Kim,,India,"March 6, 2020",2019,R,64 min,Action & Adventure,A heartfelt look at ordinary lives caught in extraordinary circumstances.
s170,TV Show,Quiet Streets: Case,,,united states,"November 9, 2017",2005,TV-Y,6 Seasons,"Anime Series, Reality TV","A tightly wound story exploring family, betrayal, and the search for belonging."
s191,TV Show,Quiet Streets,,,India,"October 21, 2018",2016,TV-14,6 Seasons,Docuseries,A gripping story that follows unexpected turns as characters confront their past.
s109,Movie,Wild Journey,Sofia Garcia,"Fatima Garcia, Kenji Fernandez, Aiko Nguyen, Aiko Nakamura, Fatima Khan",Italy,"February 26, 2021",2021,G,94 min,Sci-Fi & Fantasy,A gripping story that follows unexpected turns as characters confront their past.
s425,Movie,Wild Horizon,Liam Sharma,"Liam Nakamura, Yuki Park",Mexico,"October 9, 2023",2012,PG-13,104 min,"Comedies, Dramas",A suspenseful ride following a group determined to uncover the truth.
s376,Movie,Burning River,,"Diego Nakamura, Wei Fernandez",Germany,"June 20, 2022",2010,PG-13,92 min,"Horror Movies, Documentaries","A tightly wound story exploring family, betrayal, and the search for belonging."
s89,Movie,Golden Symphony,Wei Patel,"Carlos Fernandez, Carlos Cohen",France,"August 10, 2022",2021,R,142 min,"Horror Movies, Independent Movies","A tightly wound story exploring family, betrayal, and the search for belonging."
s1079,Movie,Endless Journey,Wei Dubois,"Noah Garcia, Amara Dubois, Sofia Park",France,"January 27, 2018",2007,PG,152 min,Action & Adventure,"A tightly wound story exploring family, betrayal, and the search for belonging."
s134,Movie,Shattered Echoes,,"Sofia Sharma, Sofia Garcia, Aiko Brown, Grace Nguyen, Nina Cohen",,"October 11, 2016",2016,R,92 min,"Documentaries, Thrillers, Comedies",A suspenseful ride following a group determined to uncover the truth.
s977,TV Show,Wild Promise,,"Elena Dubois, Liam Johnson, Meera Johnson, Nina Rossi",spain,"December 25, 2024",2024,TV-Y7,1 Season,"TV Action & Adventure, International TV Shows",A gripping story that follows unexpected turns as characters confront their past.
s284,TV Show,Frozen Frontier,,"Wei Nguyen, Lucas Costa, Aarav Kim, Grace Nakamura",South Korea,"August 27, 2023",2023,TV-G,3 Seasons,"TV Comedies, Docuseries",An emotional journey that blends humor and heartbreak in equal measure.
s136,Movie,Silent Streets,Meera Nguyen,,Mexico,"February 2, 2016",2005,R,128 min,Thrillers,A suspenseful ride following a group determined to uncover the truth.
s322,TV Show,Endless Skyline: Circle,,"Sofia Kim, Lucas Park, Kenji Garcia",Mexico,"June 2, 2021",2019,TV-14,1 Season,Kids' TV,"A tightly wound story exploring family, betrayal, and the search for belonging."
s973,TV Show,Forgotten Garden,,"Fatima Khan, Fatima Brown, Kenji Nguyen, Yuki Cohen, Kenji Silva",United States,"August 1, 2018",2017,TV-14,2 Seasons,"Kids' TV, TV Dramas",An emotional journey that blends humor and heartbreak in equal measure.
s240,Movie,Quiet Empire,,,United States,"January 25, 2024",2024,G,151 min,Documentaries,"Set against a vivid backdrop, this tells a tale of ambition, loss, and reinvention."
s1099,Movie,Lost Empire,,"Fatima Dubois, Priya Müller, Daniel Park",United States,"May 13, 2024",2008,R,105 min,"Action & Adventure, Sci-Fi & Fantasy","Set against a vivid backdrop, this tells a tale of ambition, loss, and reinvention."
s861,TV Show,Hidden Frontier,,"Kenji Park, Sofia Tanaka",Spain,"August 13, 2016",2006,TV-PG,4 Seasons,"TV Dramas, International TV Shows, Docuseries",A gripping story that follows unexpected turns as characters confront their past.
s260,TV Show,Silent Whisper,,,  Japan  ,"July 1, 2021",2011,TV-14,3 Seasons,"International TV Shows, TV Dramas, TV Comedies","A tightly wound story exploring family, betrayal, and the search for belonging."
s548,Movie,Forgotten Skyline,,"Carlos Park, Kenji Silva, Diego Dubois",United States,"March 7, 2018",2010,R,69 min,Independent Movies,A heartfelt look at ordinary lives caught in extraordinary circumstances.
s843,Movie,Crimson Legacy,Fatima Dubois,"Diego Costa, Priya Rossi, Priya Sharma",India,"September 14, 2024",2015,TV-MA,69 min,Action & Adventure,"A tightly wound story exploring family, betrayal, and the search for belonging."
s871,Movie,Endless Horizon,Carlos Park,,United States,"July 11, 2019",2009,PG-13,162 min,"Sci-Fi & Fantasy, Romantic Movies",A suspenseful ride following a group determined to uncover the truth.
s875,Movie,Distant Promise,Lucas Garcia,"Fatima Brown, Daniel Patel, Grace Nakamura, James Dubois",australia,"July 12, 2020",2013,TV-MA,110 min,"Horror Movies, Children & Family Movies, Romantic Movies",A suspenseful ride following a group determined to uncover the truth.
s249,Movie,Lost Harbor,Priya Garcia,"Grace Rossi, Aiko Brown, Aarav Brown, Aarav Patel",United States,"November 8, 2019",2012,PG,113 min,Independent Movies,An emotional journey that blends humor and heartbreak in equal measure.
s387,Movie,Last Mirror,,"Diego Patel, Carlos Park, Elena Costa, Aarav Johnson",United States,"October 1, 2022",2011,PG-13,79 min,Children & Family Movies,A heartfelt look at ordinary lives caught in extraordinary circumstances.
s661,Movie,Golden Skyline,Meera Costa,"Noah Rossi, Priya Kim, Priya Dubois, Meera Khan, Aiko Patel",United Kingdom,"September 15, 2014",2006,TV-MA,180 min,Romantic Movies,"A tightly wound story exploring family, betrayal, and the search for belonging."
s947,Movie,Forgotten Empire,,"Aarav Dubois, Noah Sharma",Mexico,"June 16, 2021",2014,G,94 min,"Action & Adventure, Dramas",An emotional journey that blends humor and heartbreak in equal measure.
s108,TV Show,Sacred Shadows: Files,,"Carlos Kim, Noah Johnson",,"January 4, 2019",2013,TV-14,1 Season,"TV Comedies, Anime Series",A gripping story that follows unexpected turns as characters confront their past.
s196,Movie,Crimson Storm,Wei Kim,"Elena Khan, Lucas Park, Amara Tanaka, Elena Rossi",United States,"January 15, 2022",2022,PG,101 min,"Action & Adventure, Dramas",A heartfelt look at ordinary lives caught in extraordinary circumstances.
s168,TV Show,Burning Storm: Case,,"Nina Kim, Daniel Garcia",United Kingdom,"October 2, 2024",2024,TV-14,4 Seasons,"Romantic TV Shows, TV Comedies","Set against a vivid backdrop, this tells a tale of ambition, loss, and reinvention."
s342,Movie,Lost Empire,,"Meera Dubois, Elena Costa, Aiko Müller",United Kingdom,"March 1, 2021",2021,PG,91 min,"Documentaries, Romantic Movies, Comedies","A tightly wound story exploring family, betrayal, and the search for belonging."
s773,Movie,Sacred Streets,Nina Costa,"Kenji Garcia, James Sharma, Daniel Nguyen",United States,"December 20, 2024",2016,PG-13,154 min,Dramas,"A tightly wound story exploring family, betrayal, and the search for belonging."
s415,Movie,Sacred Legacy,Nina Müller,"Priya Nakamura, James Müller, Noah Park, Noah Dubois, Wei Silva",  South Korea  ,"July 20, 2022",2008,R,162 min,Independent Movies,A gripping story that follows unexpected turns as characters confront their past.
s639,TV Show,Distant Empire: Circle,,"Fatima Nakamura, Elena Nakamura, Carlos Johnson",India,"September 25, 2023",2014,TV-PG,3 Seasons,"Kids' TV, Crime TV Shows, TV Comedies",A gripping story that follows unexpected turns as characters confront their past.
s662,TV Show,Crimson Garden,,"Amara Sharma, Fatima Rossi, Meera Brown",Canada,"July 8, 2022",2008,TV-MA,1 Season,Kids' TV,A heartfelt look at ordinary lives caught in extraordinary circumstances.
s784,TV Show,Burning Legacy,,"Aarav Rossi, Aiko Sharma, Daniel Nguyen",Spain,"February 26, 2022",2022,TV-14,1 Season,"Kids' TV, TV Dramas, TV Comedies","Set against a vivid backdrop, this tells a tale of ambition, loss, and reinvention."
s1055,Movie,Burning Symphony,,,United States,"November 4, 2023",2023,PG,126 min,Independent Movies,"Set against a vivid backdrop, this tells a tale of ambition, loss, and reinvention."
s1049,Movie,Wild Echoes,Aiko Tanaka,"Liam Rossi, Aarav Nguyen, Diego Fernandez",,"February 21, 2022",2007,G,126 min,"Thrillers, Sci-Fi & Fantasy",A heartfelt look at ordinary lives caught in extraordinary circumstances.
s852,Movie,Crimson Shadows,Sofia Silva,,Germany,"June 23, 2020",2011,TV-MA,62 min,Sci-Fi & Fantasy,A heartfelt look at ordinary lives caught in extraordinary circumstances.
s633,Movie,Broken Empire,,"Nina Silva, Fatima Tanaka, Lucas Costa, Kenji Nguyen",United Kingdom,"June 23, 2023",2023,PG,102 min,"Dramas, Independent Movies","A tightly wound story exploring family, betrayal, and the search for belonging."
s61,Movie,Lost Harbor,Elena Cohen,"Yuki Fernandez, Priya Nguyen",,"June 1, 2019",2012,R,72 min,"Sci-Fi & Fantasy, Horror Movies",An emotional journey that blends humor and heartbreak in equal measure.
s529,Movie,Quiet River,Elena Müller,,Japan,"January 22, 2018",2013,R,80 min,"Children & Family Movies, Action & Adventure",An emotional journey that blends humor and heartbreak in equal measure.
s888,Movie,Distant Mirror,Elena Rossi,"Wei Park, Lucas Brown, Wei Park, Nina Rossi",South Korea,"May 7, 2022",2015,TV-MA,126 min,Sci-Fi & Fantasy,An emotional journey that blends humor and heartbreak in equal measure.
s1249,TV Show,Lost River,Grace Johnson,,Canada,"December 22, 2019",2009,TV-MA,6 Seasons,Reality TV,A suspenseful ride following a group determined to uncover the truth.
s971,Movie,Hidden Echoes,,"Liam Fernandez, Fatima Park",Italy,"April 23, 2019",2017,PG,164 min,Action & Adventure,A heartfelt look at ordinary lives caught in extraordinary circumstances.
s237,TV Show,Burning Storm,Meera Sharma,"Yuki Kim, Aiko Dubois",India,"December 23, 2022",2019,TV-Y7,4 Seasons,"TV Action & Adventure, Kids' TV, TV Comedies","A tightly wound story exploring family, betrayal, and the search for belonging."
s1214,Movie,Forgotten Promise,Meera Rossi,"Nina Nakamura, Wei Silva, Liam Fernandez, Amara Patel, Lucas Dubois",Mexico,"May 17, 2024",2024,TV-14,69 min,Romantic Movies,"Set against a vivid backdrop, this tells a tale of ambition, loss, and reinvention."
s859,Movie,Sacred Storm,Elena Fernandez,,United Kingdom,"December 8, 2024",2005,PG-13,65 min,"Documentaries, Action & Adventure","Set against a vivid backdrop, this tells a tale of ambition, loss, and reinvention."
s747,Movie,Burning Shadows,Aiko Dubois,,United States,"November 11, 2021",2018,R,89 min,"Romantic Movies, Children & Family Movies","Set against a vivid backdrop, this tells a tale of ambition, loss, and reinvention."
s160,Movie,Wild Harbor,,"Wei Costa, Elena Fernandez",United States,"February 12, 2019",2013,PG,160 min,Horror Movies,A heartfelt look at ordinary lives caught in extraordinary circumstances.
s409,Movie,Quiet Streets,Amara Silva,"Amara Garcia, Wei Khan, Sofia Tanaka, Diego Sharma, Fatima Kim",United States,"January 19, 2022",2008,TV-MA,154 min,Children & Family Movies,"Set against a vivid backdrop, this tells a tale of ambition, loss, and reinvention."
s839,Movie,Golden Echoes,Aarav Kim,,United States,"April 16, 2019",2017,TV-14,167 min,"Children & Family Movies, Action & Adventure","A tightly wound story exploring family, betrayal, and the search for belonging."
s992,Movie,Last Kingdom,,"Diego Johnson, Noah Brown, Priya Nakamura, Wei Tanaka, Aiko Khan",United States,"March 3, 2015",2008,PG-13,159 min,"Action & Adventure, Romantic Movies, Independent Movies","Set against a vivid backdrop, this tells a tale of ambition, loss, and reinvention."
s1088,Movie,Sacred Horizon,Elena Patel,"Fatima Silva, Sofia Kim, Nina Sharma, Liam Nguyen",Canada,"September 21, 2020",2006,PG-13,60 min,Independent Movies,A heartfelt look at ordinary lives caught in extraordinary circumstances.
s925,Movie,Golden Streets,Elena Nguyen,"Daniel Cohen, Fatima Patel, James Dubois, Amara Cohen",South Korea,"May 18, 2016",2010,TV-MA,106 min,Dramas,An emotional journey that blends humor and heartbreak in equal measure.
s143,TV Show,Wild Garden,,"Fatima Kim, James Kim, Nina Silva, Yuki Johnson, Elena Tanaka",Brazil,"April 14, 2017",2015,TV-Y7,1 Season,"Docuseries, TV Comedies",A heartfelt look at ordinary lives caught in extraordinary circumstances.
s999,TV Show,Burning Horizon: Case,,,India,"February 22, 2021",2021,TV-MA,3 Seasons,"Docuseries, Crime TV Shows",A heartfelt look at ordinary lives caught in extraordinary circumstances.
s164,Movie,Golden River,Carlos Nakamura,"Lucas Tanaka, Meera Costa, Sofia Johnson, Yuki Müller, Priya Dubois",United States,"June 18, 2020",2020,R,170 min,"Independent Movies, Comedies","Set against a vivid backdrop, this tells a tale of ambition, loss, and reinvention."
s956,Movie,Crimson Promise,,"Lucas Fernandez, Kenji Brown, Sofia Rossi",South Korea,"October 2, 2024",2024,TV-14,122 min,"Horror Movies, Romantic Movies",A suspenseful ride following a group determined to uncover the truth.
s770,Movie,Quiet Empire,Fatima Kim,,Brazil,"November 8, 2023",2019,TV-MA,148 min,"Comedies, Dramas, Children & Family Movies",An emotional journey that blends humor and heartbreak in equal measure.
s132,Movie,Last Skyline,Kenji Cohen,"Elena Brown, Liam Brown, Liam Cohen, Aiko Kim, Lucas Müller",United States,"November 22, 2022",2022,R,157 min,"Action & Adventure, Comedies, Independent Movies",A gripping story that follows unexpected turns as characters confront their past.
s932,Movie,Hidden Horizon,James Tanaka,"Yuki Patel, Meera Costa",,"May 13, 2018",2010,PG-13,152 min,Action & Adventure,"Set against a vivid backdrop, this tells a tale of ambition, loss, and reinvention."
s1072,TV Show,Forgotten Frontier,,"Amara Sharma, Meera Johnson, Kenji Khan",United States,"January 15, 2016",2012,TV-G,1 Season,"International TV Shows, Anime Series","A tightly wound story exploring family, betrayal, and the search for belonging."
s1230,TV Show,Wild Kingdom,,"Elena Dubois, Amara Müller, Diego Kim, Liam Tanaka",France,"August 25, 2023",2023,TV-G,6 Seasons,"International TV Shows, TV Comedies, Anime Series",A gripping story that follows unexpected turns as characters confront their past.
s82,TV Show,Hidden Shadows,,"Sofia Müller, Carlos Johnson",,"March 23, 2021",2017,TV-MA,1 Season,International TV Shows,An emotional journey that blends humor and heartbreak in equal measure.
s909,Movie,Dark Legacy,,"Kenji Johnson, Priya Brown, Grace Park, Kenji Garcia",,"October 11, 2017",2008,PG-13,87 min,"Comedies, Action & Adventure",A gripping story that follows unexpected turns as characters confront their past.
s50,Movie,Lost River,,"Diego Fernandez, Carlos Cohen, Grace Tanaka, Grace Silva",united states,"April 6, 2019",2012,PG-13,163 min,"Dramas, Comedies",A heartfelt look at ordinary lives caught in extraordinary circumstances.
s776,TV Show,Lost Shadows,,,Japan,"December 23, 2019",2019,TV-G,3 Seasons,"Kids' TV, Anime Series, Romantic TV Shows",A suspenseful ride following a group determined to uncover the truth.
s433,TV Show,Endless Journey,,"Wei Garcia, Sofia Khan, Wei Sharma, Aiko Patel, Aiko Sharma",United States,"December 20, 2023",2005,TV-MA,7 Seasons,"TV Action & Adventure, Romantic TV Shows, Docuseries",An emotional journey that blends humor and heartbreak in equal measure.
s232,Movie,Broken Whisper,,,Brazil,"December 14, 2024",2024,R,160 min,"Thrillers, Independent Movies, Dramas",A heartfelt look at ordinary lives caught in extraordinary circumstances.
s674,Movie,Quiet Empire,Elena Rossi,"Priya Khan, Elena Müller, Sofia Silva, Daniel Sharma, Nina Silva",  Nigeria  ,"October 24, 2019",2019,R,66 min,"Documentaries, Independent Movies",A suspenseful ride following a group determined to uncover the truth.
s1198,Movie,Lost Storm,Aarav Tanaka,"Priya Cohen, Fatima Patel, Grace Rossi, Sofia Johnson, James Sharma",United States,"August 24, 2020",2006,G,154 min,"Thrillers, Dramas, Children & Family Movies",An emotional journey that blends humor and heartbreak in equal measure.
s1236,Movie,Frozen Garden,,"Yuki Sharma, Noah Costa, Liam Khan, Meera Garcia",United States,"December 18, 2024",2024,R,172 min,Horror Movies,A gripping story that follows unexpected turns as characters confront their past.
s460,Movie,Hidden Promise,Diego Kim,"Wei Müller, Daniel Costa",Italy,"October 20, 2022",2022,TV-MA,91 min,Romantic Movies,"A tightly wound story exploring family, betrayal, and the search for belonging."
s1019,TV Show,Endless River,,,United States,"March 8, 2021",2020,TV-MA,7 Seasons,Kids' TV,"Set against a vivid backdrop, this tells a tale of ambition, loss, and reinvention."
s1231,Movie,Last Empire,Carlos Nakamura,"James Kim, Carlos Silva, Elena Dubois, Grace Cohen, Wei Dubois",United States,"October 6, 2022",2015,R,159 min,"Action & Adventure, Dramas",A heartfelt look at ordinary lives caught in extraordinary circumstances.
s504,Movie,Frozen Symphony,Priya Silva,"Aarav Kim, Liam Park",Canada,"October 5, 2022",2005,TV-14,153 min,"Thrillers, Sci-Fi & Fantasy","Set against a vivid backdrop, this tells a tale of ambition, loss, and reinvention."
s1218,Movie,Forgotten Legacy,Lucas Sharma,"Yuki Cohen, James Sharma, Amara Park",  India  ,"December 19, 2019",2019,PG,111 min,Sci-Fi & Fantasy,A gripping story that follows unexpected turns as characters confront their past.
s187,Movie,Broken Legacy,Carlos Khan,"Daniel Brown, Grace Garcia, Liam Tanaka, Yuki Dubois",,"May 15, 2024",2014,R,80 min,"Children & Family Movies, Independent Movies",An emotional journey that blends humor and heartbreak in equal measure.
s349,Movie,Shattered River,Carlos Johnson,"Wei Costa, Aarav Garcia, Carlos Silva, Priya Rossi, Nina Johnson",United States,"March 14, 2019",2008,PG-13,177 min,"Sci-Fi & Fantasy, Documentaries, Thrillers","A tightly wound story exploring family, betrayal, and the search for belonging."
s1122,Movie,Wild Mirror,,"Meera Müller, Amara Tanaka, James Fernandez, Daniel Tanaka",Australia,"May 9, 2018",2018,R,127 min,"Dramas, Action & Adventure, Documentaries",An emotional journey that blends humor and heartbreak in equal measure.
s1127,Movie,Broken Legacy,,,Spain,"August 21, 2017",2015,NC-17,171 min,"Dramas, Action & Adventure",A suspenseful ride following a group determined to uncover the truth.
s666,Movie,Lost Streets,Grace Sharma,,Mexico,"July 1, 2022",2019,TV-MA,64 min,Documentaries,An emotional journey that blends humor and heartbreak in equal measure.
s182,Movie,Silent Garden,Liam Müller,,United States,"June 14, 2023",2022,G,108 min,"Children & Family Movies, Independent Movies, Thrillers",An emotional journey that blends humor and heartbreak in equal measure.
s931,Movie,Silent Whisper,Yuki Rossi,,South Korea,"March 19, 2019",2016,TV-MA,138 min,"Dramas, Documentaries",A suspenseful ride following a group determined to uncover the truth.
s522,Movie,Frozen Mirror,Noah Silva,"Grace Nakamura, Grace Müller, Yuki Khan",United Kingdom,"October 21, 2018",2008,R,83 min,"Horror Movies, Romantic Movies, Documentaries",A heartfelt look at ordinary lives caught in extraordinary circumstances.
s576,Movie,Lost Garden,Diego Brown,,Nigeria,"April 4, 2024",2019,R,152 min,"Action & Adventure, Thrillers",A gripping story that follows unexpected turns as characters confront their past.
s538,TV Show,Silent Skyline: Diaries,,,  India  ,"March 9, 2020",2008,TV-14,2 Seasons,TV Dramas,"A tightly wound story exploring family, betrayal, and the search for belonging."
s703,Movie,Last Horizon,Fatima Khan,"Carlos Patel, Meera Johnson, Priya Costa, Amara Silva",Spain,"June 22, 2020",2011,R,132 min,"Romantic Movies, Thrillers",A gripping story that follows unexpected turns as characters confront their past.
s13,Movie,Quiet Promise,Daniel Silva,"Aarav Tanaka, Lucas Nguyen",United States,"July 19, 2020",2017,R,103 min,Thrillers,An emotional journey that blends humor and heartbreak in equal measure.
s898,TV Show,Wild Harbor,,"Priya Rossi, Yuki Nguyen, Kenji Tanaka, Meera Costa",United States,"December 8, 2022",2019,TV-MA,1 Season,"Kids' TV, Romantic TV Shows, International TV Shows",A suspenseful ride following a group determined to uncover the truth.
s1037,Movie,Last Streets,Priya Nakamura,"Carlos Nakamura, Diego Costa",Germany,"July 22, 2021",2021,PG-13,167 min,"Sci-Fi & Fantasy, Children & Family Movies",A heartfelt look at ordinary lives caught in extraordinary circumstances.
s698,Movie,Forgotten Promise,Liam Kim,"Aiko Brown, Liam Müller, Kenji Johnson, Noah Brown, Aarav Sharma",France,"August 3, 2017",2012,TV-MA,136 min,Comedies,A gripping story that follows unexpected turns as characters confront their past.
s316,Movie,Wild Whisper,Grace Park,"Kenji Costa, Lucas Khan, Nina Rossi",,"November 22, 2022",2020,TV-MA,166 min,Independent Movies,An emotional journey that blends humor and heartbreak in equal measure.
s1070,TV Show,Broken Kingdom,,"Meera Nakamura, Sofia Nguyen, Sofia Tanaka, Grace Rossi, Amara Tanaka",united states,"September 8, 2020",2010,TV-Y7,3 Seasons,"Reality TV, TV Action & Adventure",A gripping story that follows unexpected turns as characters confront their past.
s694,TV Show,Lost Promise: Tapes,,,Australia,"March 26, 2020",2006,TV-14,2 Seasons,"Anime Series, Docuseries, Crime TV Shows",A suspenseful ride following a group determined to uncover the truth.
s862,Movie,Dark Harbor,Liam Tanaka,,canada,"March 4, 2024",2022,R,120 min,"Action & Adventure, Thrillers, Horror Movies","Set against a vivid backdrop, this tells a tale of ambition, loss, and reinvention."
s1016,Movie,Shattered Horizon,James Kim,"Wei Costa, Kenji Patel, Sofia Nguyen, Lucas Garcia, Liam Khan",,"August 1, 2021",2021,PG,132 min,"Dramas, Children & Family Movies",A gripping story that follows unexpected turns as characters confront their past.
s641,TV Show,Sacred Storm,,"James Sharma, Elena Khan, Carlos Tanaka, Elena Dubois, Diego Nguyen",,"September 11, 2024",2024,TV-PG,5 Seasons,"Reality TV, Kids' TV",A gripping story that follows unexpected turns as characters confront their past.
s933,Movie,Wild Symphony,Amara Müller,,United States,"May 16, 2024",2024,TV-14,177 min,"Documentaries, Thrillers, Children & Family Movies","Set against a vivid backdrop, this tells a tale of ambition, loss, and reinvention."
s431,TV Show,Forgotten Promise,,"Meera Park, James Khan, Yuki Fernandez",Brazil,"May 8, 2017",2017,TV-MA,5 Seasons,Anime Series,A gripping story that follows unexpected turns as characters confront their past.
s943,TV Show,Distant River,,,Canada,"January 18, 2019",2011,TV-MA,4 Seasons,"TV Action & Adventure, Anime Series",A heartfelt look at ordinary lives caught in extraordinary circumstances.
s1052,Movie,Quiet Journey,Aiko Fernandez,"Grace Silva, Daniel Tanaka, Diego Nakamura",United Kingdom,"December 26, 2024",2011,TV-MA,108 min,"Independent Movies, Comedies",A suspenseful ride following a group determined to uncover the truth.
s205,Movie,Hidden Streets,Aiko Dubois,"Lucas Silva, Aarav Park, Yuki Cohen, Meera Garcia",France,"July 5, 2017",2013,R,125 min,Sci-Fi & Fantasy,"Set against a vivid backdrop, this tells a tale of ambition, loss, and reinvention."
s905,Movie,Lost Harbor,,"Aarav Silva, Fatima Tanaka, Yuki Garcia, Fatima Fernandez",India,"November 24, 2022",2011,PG,113 min,Comedies,A suspenseful ride following a group determined to uncover the truth.
s1128,TV Show,Lost Kingdom: Circle,Amara Müller,"Priya Silva, Meera Fernandez",Canada,"May 23, 2018",2018,TV-G,4 Seasons,Kids' TV,A suspenseful ride following a group determined to uncover the truth.
s1208,Movie,Frozen Promise,Wei Sharma,,,"October 15, 2020",2020,PG,138 min,"Sci-Fi & Fantasy, Children & Family Movies, Comedies",An emotional journey that blends humor and heartbreak in equal measure.
s326,TV Show,Last Symphony,,,Mexico,"May 24, 2018",2018,TV-PG,2 Seasons,"Romantic TV Shows, Docuseries","A tightly wound story exploring family, betrayal, and the search for belonging."
s263,Movie,Shattered Journey,Amara Kim,"James Dubois, Aarav Khan, Elena Garcia, Grace Müller",United States,"August 10, 2023",2018,R,139 min,Documentaries,An emotional journey that blends humor and heartbreak in equal measure.
s1139,Movie,Frozen Promise,Noah Johnson,,Mexico,"June 10, 2020",2020,R,77 min,"Action & Adventure, Children & Family Movies","Set against a vivid backdrop, this tells a tale of ambition, loss, and reinvention."
s311,Movie,Endless Storm,Sofia Johnson,"Elena Nakamura, Noah Khan, Carlos Park, Fatima Kim, James Cohen",Canada,"November 2, 2022",2006,PG-13,136 min,Documentaries,A gripping story that follows unexpected turns as characters confront their past.
s840,Movie,Golden Storm,James Costa,,Spain,"March 16, 2022",2022,R,122 min,Documentaries,"A tightly wound story exploring family, betrayal, and the search for belonging."
s202,Movie,Lost Horizon,,"Sofia Tanaka, Grace Rossi",India,"February 8, 2024",2022,TV-14,63 min,"Independent Movies, Action & Adventure","Set against a vivid backdrop, this tells a tale of ambition, loss, and reinvention."
s946,Movie,Frozen Mirror,Carlos Müller,"Lucas Dubois, Noah Fernandez, Daniel Tanaka, Meera Cohen, Daniel Park",United States,"December 11, 2017",2010,G,153 min,"Dramas, Thrillers","Set against a vivid backdrop, this tells a tale of ambition, loss, and reinvention."
s568,TV Show,Frozen Horizon,Yuki Park,"Diego Cohen, Wei Silva, Nina Kim, Fatima Tanaka, Carlos Park",Germany,"January 9, 2016",2013,TV-PG,3 Seasons,"Anime Series, TV Comedies, Romantic TV Shows",A heartfelt look at ordinary lives caught in extraordinary circumstances.
s453,TV Show,Dark Streets: Chronicles,,,United States,"December 27, 2020",2017,TV-MA,3 Seasons,"International TV Shows, Reality TV",A gripping story that follows unexpected turns as characters confront their past.
s59,Movie,Forgotten Skyline,Grace Park,,India,"February 21, 2023",2023,R,83 min,Dramas,A suspenseful ride following a group determined to uncover the truth.
s684,TV Show,Sacred River,,"Aarav Johnson, Carlos Kim, Elena Patel, Liam Dubois",United States,"November 25, 2017",2011,TV-MA,1 Season,Crime TV Shows,A suspenseful ride following a group determined to uncover the truth.
s632,Movie,Distant Echoes,Kenji Brown,"Aarav Rossi, James Rossi",South Korea,"April 16, 2019",2008,PG-13,173 min,"Children & Family Movies, Comedies",A gripping story that follows unexpected turns as characters confront their past.
s1189,Movie,Distant Journey,Grace Tanaka,"Elena Sharma, Wei Johnson, Priya Cohen, Aarav Johnson, Diego Nakamura",Mexico,"January 22, 2022",2008,PG-13,161 min,Horror Movies,A suspenseful ride following a group determined to uncover the truth.
s679,Movie,Shattered Frontier,,"Meera Nakamura, Elena Patel",United States,"November 27, 2017",2015,PG-13,125 min,"Action & Adventure, Children & Family Movies",An emotional journey that blends humor and heartbreak in equal measure.
s1103,TV Show,Distant Whisper,,"Sofia Rossi, Wei Sharma, Lucas Silva",Canada,"October 19, 2022",2005,TV-MA,2 Seasons,"Kids' TV, International TV Shows","A tightly wound story exploring family, betrayal, and the search for belonging."
s736,Movie,Forgotten Harbor,Daniel Cohen,"Kenji Cohen, Wei Kim, Yuki Silva, James Nguyen, Kenji Sharma",,"August 25, 2021",2018,TV-14,98 min,"Dramas, Independent Movies","Set against a vivid backdrop, this tells a tale of ambition, loss, and reinvention."
s598,Movie,Distant Skyline,Aiko Khan,"James Garcia, Elena Nakamura, Lucas Silva",Brazil,"September 25, 2024",2013,TV-MA,76 min,"Action & Adventure, Children & Family Movies, Sci-Fi & Fantasy","Set against a vivid backdrop, this tells a tale of ambition, loss, and reinvention."
s1036,Movie,Sacred Streets,Lucas Park,,Italy,"February 25, 2024",2016,R,141 min,"Documentaries, Horror Movies",A gripping story that follows unexpected turns as characters confront their past.
s28,TV Show,Broken Frontier: Files,,"Nina Fernandez, Noah Patel",Canada,"July 21, 2024",2024,TV-14,5 Seasons,TV Comedies,A gripping story that follows unexpected turns as characters confront their past.
s660,Movie,Broken Garden,Fatima Brown,"Kenji Sharma, Nina Silva, Liam Nguyen, Liam Dubois, Grace Fernandez",United Kingdom,"December 11, 2023",2005,R,177 min,"Independent Movies, Thrillers, Dramas","Set against a vivid backdrop, this tells a tale of ambition, loss, and reinvention."
s410,Movie,Golden Legacy,Aarav Khan,"Amara Patel, Meera Nakamura, Yuki Tanaka",Japan,"September 12, 2019",2019,PG-13,123 min,"Sci-Fi & Fantasy, Thrillers, Horror Movies",A heartfelt look at ordinary lives caught in extraordinary circumstances.
s517,Movie,Shattered River,,"Nina Khan, Aarav Johnson",Japan,"November 13, 2021",2005,PG-13,146 min,"Dramas, Thrillers",A gripping story that follows unexpected turns as characters confront their past.
s127,Movie,Broken Empire,Sofia Brown,"Yuki Park, Priya Tanaka",South Korea,"April 26, 2015",2012,PG-13,169 min,"Horror Movies, Romantic Movies",A suspenseful ride following a group determined to uncover the truth.
s725,Movie,Crimson Storm,Fatima Costa,"Fatima Park, Wei Tanaka",United States,"December 16, 2023",2023,TV-14,66 min,"Horror Movies, Dramas",A gripping story that follows unexpected turns as characters confront their past.
s52,TV Show,Last Shadows: Tapes,,"Amara Müller, Elena Dubois",United States,"November 4, 2021",2006,TV-G,1 Season,"Crime TV Shows, Kids' TV","A tightly wound story exploring family, betrayal, and the search for belonging."
s621,TV Show,Frozen Mirror,,"Lucas Kim, Kenji Sharma, Elena Dubois, Aarav Cohen, Lucas Park",Italy,"January 18, 2017",2012,TV-MA,3 Seasons,Crime TV Shows,"A tightly wound story exploring family, betrayal, and the search for belonging."
s1138,Movie,Broken Journey,,,United States,"October 20, 2021",2014,PG-13,149 min,Action & Adventure,"Set against a vivid backdrop, this tells a tale of ambition, loss, and reinvention."
s620,Movie,Endless Journey,,,United States,"December 8, 2017",2015,TV-14,118 min,"Comedies, Documentaries",A gripping story that follows unexpected turns as characters confront their past.
s287,Movie,Crimson Promise,James Sharma,,Canada,"April 19, 2021",2018,R,119 min,"Horror Movies, Action & Adventure","A tightly wound story exploring family, betrayal, and the search for belonging."
s259,Movie,Endless Shadows,,,India,"April 13, 2021",2012,R,105 min,"Independent Movies, Sci-Fi & Fantasy",A gripping story that follows unexpected turns as characters confront their past.
s1009,Movie,Distant Journey,Yuki Fernandez,"Fatima Brown, Noah Park",United States,"September 16, 2019",2019,R,88 min,"Independent Movies, Sci-Fi & Fantasy",An emotional journey that blends humor and heartbreak in equal measure.
s1209,Movie,Burning Garden,Grace Johnson,"Yuki Sharma, Diego Brown",India,"November 24, 2018",2011,R,176 min,"Documentaries, Dramas",A heartfelt look at ordinary lives caught in extraordinary circumstances.
s91,TV Show,Last Skyline: Chronicles,,"Liam Fernandez, Amara Silva",Germany,"October 2, 2019",2006,TV-14,5 Seasons,"Crime TV Shows, Kids' TV, TV Action & Adventure",A gripping story that follows unexpected turns as characters confront their past.
s217,Movie,Burning Empire,Aarav Kim,"Elena Nakamura, Nina Nakamura, Carlos Khan, Daniel Costa, Sofia Cohen",Canada,"January 9, 2019",2007,TV-MA,73 min,"Comedies, Independent Movies","Set against a vivid backdrop, this tells a tale of ambition, loss, and reinvention."
s996,TV Show,Crimson Skyline,,,United States,"April 11, 2022",2022,TV-PG,3 Seasons,"Docuseries, TV Comedies",A gripping story that follows unexpected turns as characters confront their past.
s944,TV Show,Shattered Journey,,"Daniel Nguyen, Kenji Brown",France,"April 27, 2014",2007,TV-14,2 Seasons,TV Comedies,An emotional journey that blends humor and heartbreak in equal measure.
s777,Movie,Lost Harbor,Diego Brown,"Kenji Nguyen, Grace Cohen, Meera Patel",India,"November 10, 2017",2016,TV-MA,114 min,"Documentaries, Sci-Fi & Fantasy","Set against a vivid backdrop, this tells a tale of ambition, loss, and reinvention."
s256,Movie,Shattered River,Grace Johnson,,United Kingdom,"February 17, 2020",2011,PG-13,158 min,Dramas,A heartfelt look at ordinary lives caught in extraordinary circumstances.
s302,TV Show,Forgotten Skyline: Circle,,,Canada,"August 22, 2016",2005,TV-14,1 Season,TV Action & Adventure,A gripping story that follows unexpected turns as characters confront their past.
s81,TV Show,Wild Garden,,"Nina Brown, Priya Silva, Fatima Park",Mexico,"October 22, 2021",2016,TV-14,2 Seasons,"International TV Shows, Crime TV Shows",A gripping story that follows unexpected turns as characters confront their past.
s304,Movie,Shattered Mirror,Aarav Johnson,"Sofia Johnson, Sofia Rossi",Japan,"January 22, 2023",2022,TV-MA,96 min,"Sci-Fi & Fantasy, Children & Family Movies",A heartfelt look at ordinary lives caught in extraordinary circumstances.
s730,TV Show,Shattered Streets,,"Amara Dubois, Wei Nakamura",United States,"June 6, 2024",2024,TV-MA,1 Season,"TV Comedies, Reality TV",A heartfelt look at ordinary lives caught in extraordinary circumstances.
s79,Movie,Hidden Promise,Daniel Cohen,,United States,"August 23, 2021",2021,R,173 min,"Comedies, Thrillers",A suspenseful ride following a group determined to uncover the truth.
s755,Movie,Broken Storm,,,United States,"February 14, 2020",2008,R,145 min,Sci-Fi & Fantasy,A heartfelt look at ordinary lives caught in extraordinary circumstances.
s36,TV Show,Broken Skyline,Yuki Brown,"Yuki Sharma, James Costa, Amara Johnson",Australia,"February 19, 2023",2021,TV-14,6 Seasons,Kids' TV,An emotional journey that blends humor and heartbreak in equal measure.
s990,TV Show,Hidden Garden,,"Kenji Dubois, Sofia Fernandez, Fatima Tanaka",India,"April 10, 2021",2016,TV-MA,6 Seasons,"TV Comedies, International TV Shows",A heartfelt look at ordinary lives caught in extraordinary circumstances.
s854,TV Show,Crimson Frontier,,,Spain,"August 6, 2020",2020,TV-MA,7 Seasons,"TV Action & Adventure, Anime Series","Set against a vivid backdrop, this tells a tale of ambition, loss, and reinvention."
s964,TV Show,Burning Symphony,,,United States,"November 12, 2023",2023,TV-Y,1 Season,"Reality TV, Anime Series",A gripping story that follows unexpected turns as characters confront their past.
s710,Movie,Forgotten Journey,,"Priya Garcia, Meera Brown, Diego Park, Amara Cohen, Fatima Brown",India,"September 4, 2019",2011,PG,155 min,"Romantic Movies, Dramas, Sci-Fi & Fantasy",A suspenseful ride following a group determined to uncover the truth.
s988,Movie,Crimson Mirror,Amara Nakamura,,France,"August 15, 2018",2018,TV-MA,85 min,Comedies,A gripping story that follows unexpected turns as characters confront their past.
s7,Movie,Crimson Mirror,,"Fatima Sharma, Grace Silva",  United States  ,"December 1, 2023",2023,TV-MA,166 min,"Thrillers, Documentaries","A tightly wound story exploring family, betrayal, and the search for belonging."
s613,TV Show,Wild Empire,,,France,"May 26, 2023",2008,TV-14,3 Seasons,"International TV Shows, TV Action & Adventure","A tightly wound story exploring family, betrayal, and the search for belonging."
s1105,TV Show,Distant Legacy,,"Fatima Brown, James Costa, Kenji Tanaka",United Kingdom,"December 19, 2024",2009,TV-14,2 Seasons,Anime Series,An emotional journey that blends humor and heartbreak in equal measure.
s1030,Movie,Shattered Whisper,,,United States,"June 8, 2023",2016,TV-MA,148 min,"Children & Family Movies, Comedies",A heartfelt look at ordinary lives caught in extraordinary circumstances.
s48,Movie,Forgotten Frontier,,"Priya Costa, Diego Johnson",Japan,"November 13, 2018",2012,PG,131 min,"Independent Movies, Thrillers",A heartfelt look at ordinary lives caught in extraordinary circumstances.
s1102,TV Show,Frozen Echoes,,"Priya Müller, Lucas Brown",United States,"May 16, 2019",2012,TV-MA,2 Seasons,"Anime Series, Kids' TV, TV Dramas",A gripping story that follows unexpected turns as characters confront their past.
s1059,Movie,Frozen Journey,Nina Silva,"Meera Park, Elena Nguyen, Nina Park, Amara Kim",Canada,"October 13, 2022",2019,TV-MA,162 min,"Independent Movies, Children & Family Movies",A heartfelt look at ordinary lives caught in extraordinary circumstances.
s481,Movie,Burning Skyline,,,United Kingdom,"September 25, 2018",2018,PG-13,120 min,"Children & Family Movies, Documentaries",A gripping story that follows unexpected turns as characters confront their past.
s337,TV Show,Forgotten Storm: Circle,,"Nina Khan, Lucas Silva, Priya Nakamura",Italy,"May 22, 2019",2019,TV-MA,2 Seasons,"TV Comedies, Romantic TV Shows, Reality TV","Set against a vivid backdrop, this tells a tale of ambition, loss, and reinvention."
s765,Movie,Dark Skyline,Noah Fernandez,"Nina Nguyen, Diego Patel, Noah Johnson, Amara Nguyen",france,"December 2, 2018",2018,PG,164 min,Dramas,A gripping story that follows unexpected turns as characters confront their past.
s95,Movie,Sacred Empire,Carlos Costa,,India,"July 27, 2019",2010,R,172 min,"Documentaries, Independent Movies, Thrillers","A tightly wound story exploring family, betrayal, and the search for belonging."
s574,Movie,Crimson Empire,,,United States,"April 27, 2019",2017,TV-14,124 min,Dramas,"A tightly wound story exploring family, betrayal, and the search for belonging."
s429,Movie,Hidden Journey,,"Kenji Khan, James Khan, Sofia Park, Nina Sharma, Kenji Cohen",United States,"November 16, 2017",2008,PG-13,81 min,Comedies,"Set against a vivid backdrop, this tells a tale of ambition, loss, and reinvention."
s356,Movie,Wild Promise,,"Liam Tanaka, Liam Patel",United States,"December 3, 2021",2005,R,178 min,Sci-Fi & Fantasy,A heartfelt look at ordinary lives caught in extraordinary circumstances.
s1164,Movie,Broken Frontier,Grace Kim,"Aarav Nakamura, Meera Müller, Meera Dubois",,"August 26, 2023",2023,R,86 min,"Horror Movies, Romantic Movies",A suspenseful ride following a group determined to uncover the truth.
s700,TV Show,Crimson Mirror,,"Daniel Nguyen, Aarav Cohen, Liam Khan",India,"November 11, 2022",2013,TV-MA,5 Seasons,"Kids' TV, TV Dramas",An emotional journey that blends humor and heartbreak in equal measure.
s203,Movie,Broken Empire,Amara Johnson,"Amara Brown, Fatima Müller",united states,"January 9, 2017",2016,R,85 min,"Romantic Movies, Documentaries",A heartfelt look at ordinary lives caught in extraordinary circumstances.
s149,Movie,Hidden Legacy,Elena Silva,,india,"August 11, 2018",2013,TV-MA,64 min,"Horror Movies, Sci-Fi & Fantasy",A gripping story that follows unexpected turns as characters confront their past.
s805,Movie,Last Harbor,Yuki Kim,"James Rossi, Elena Müller, James Costa, Priya Sharma",united states,"February 9, 2016",2015,NC-17,92 min,"Dramas, Sci-Fi & Fantasy, Thrillers",A suspenseful ride following a group determined to uncover the truth.
s9,Movie,Hidden Symphony,Wei Rossi,"Priya Patel, Sofia Müller, Grace Nguyen, Grace Patel, Elena Garcia",Germany,"March 14, 2023",2010,R,65 min,"Dramas, Comedies, Documentaries",An emotional journey that blends humor and heartbreak in equal measure.
s514,TV Show,Golden Legacy: Tapes,Amara Silva,"Aarav Garcia, Yuki Kim, Aarav Müller, Wei Silva",Mexico,"June 9, 2024",2017,TV-14,1 Season,Docuseries,A suspenseful ride following a group determined to uncover the truth.
s1085,TV Show,Hidden Frontier: Diaries,,,Australia,"July 6, 2023",2023,TV-PG,4 Seasons,TV Dramas,A gripping story that follows unexpected turns as characters confront their past.
s121,Movie,Burning Legacy,Nina Brown,,Spain,"October 3, 2018",2006,NC-17,77 min,Thrillers,An emotional journey that blends humor and heartbreak in equal measure.
s299,Movie,Last Frontier,,"Meera Fernandez, Fatima Nguyen, Grace Brown",United Kingdom,"June 24, 2017",2015,TV-MA,176 min,"Sci-Fi & Fantasy, Horror Movies, Documentaries",A heartfelt look at ordinary lives caught in extraordinary circumstances.
s585,Movie,Frozen Skyline,,,Brazil,"May 25, 2021",2021,PG-13,113 min,"Thrillers, Sci-Fi & Fantasy, Dramas",A gripping story that follows unexpected turns as characters confront their past.
s624,Movie,Broken Echoes,Priya Nguyen,"Wei Brown, Nina Fernandez, Noah Garcia",Spain,"November 25, 2017",2009,TV-14,126 min,Children & Family Movies,A gripping story that follows unexpected turns as characters confront their past.
s447,Movie,Shattered Skyline,Meera Rossi,"Fatima Tanaka, Nina Brown",India,"March 3, 2024",2017,TV-MA,142 min,Independent Movies,A gripping story that follows unexpected turns as characters confront their past.
s20,TV Show,Quiet Empire,,,United States,"September 11, 2020",2020,TV-Y7,7 Seasons,"Kids' TV, Docuseries",An emotional journey that blends humor and heartbreak in equal measure.
s195,TV Show,Dark Journey: Circle,,"Kenji Müller, Diego Müller",,"December 18, 2017",2008,TV-14,3 Seasons,"Kids' TV, Romantic TV Shows","Set against a vivid backdrop, this tells a tale of ambition, loss, and reinvention."
s88,TV Show,Endless Skyline,,,Canada,"December 20, 2021",2014,TV-MA,2 Seasons,"Kids' TV, Reality TV, Anime Series",A suspenseful ride following a group determined to uncover the truth.
s324,Movie,Silent Streets,Aiko Patel,"Aiko Müller, Carlos Nguyen, Daniel Dubois, Diego Johnson",United States,"May 19, 2021",2015,R,112 min,"Horror Movies, Documentaries","Set against a vivid backdrop, this tells a tale of ambition, loss, and reinvention."
s371,Movie,Distant Journey,Kenji Sharma,,United States,"October 10, 2020",2013,R,170 min,"Sci-Fi & Fantasy, Action & Adventure, Children & Family Movies","Set against a vivid backdrop, this tells a tale of ambition, loss, and reinvention."
s1076,Movie,Sacred Echoes,Nina Sharma,"Kenji Tanaka, Nina Garcia, Grace Patel, Aarav Park",United States,"October 13, 2020",2005,PG-13,93 min,"Dramas, Horror Movies",An emotional journey that blends humor and heartbreak in equal measure.
s1042,TV Show,Wild Journey,,"Diego Fernandez, Liam Silva, Kenji Fernandez, Carlos Müller, Wei Tanaka",India,"September 9, 2020",2020,TV-14,3 Seasons,"Kids' TV, Anime Series",A heartfelt look at ordinary lives caught in extraordinary circumstances.
s640,Movie,Dark Empire,Aarav Sharma,"Amara Kim, Daniel Nakamura",,"March 12, 2019",2011,TV-MA,146 min,"Horror Movies, Romantic Movies, Action & Adventure","Set against a vivid backdrop, this tells a tale of ambition, loss, and reinvention."
s63,Movie,Broken Empire,Nina Müller,"Elena Silva, Fatima Garcia, Priya Rossi, Aiko Park",South Korea,"October 4, 2023",2023,TV-14,75 min,"Action & Adventure, Dramas","Set against a vivid backdrop, this tells a tale of ambition, loss, and reinvention."
s129,Movie,Burning Promise,Elena Silva,"Yuki Fernandez, Lucas Khan",United States,"April 23, 2017",2017,PG-13,86 min,Horror Movies,A suspenseful ride following a group determined to uncover the truth.
s444,Movie,Endless Promise,Lucas Garcia,"Priya Cohen, Grace Dubois, James Brown",United States,"February 23, 2021",2005,G,134 min,Action & Adventure,"Set against a vivid backdrop, this tells a tale of ambition, loss, and reinvention."
s271,Movie,Dark Skyline,Wei Johnson,"Sofia Brown, Noah Khan, Aarav Rossi, Kenji Patel",Japan,"October 8, 2023",2023,R,139 min,"Thrillers, Documentaries",A suspenseful ride following a group determined to uncover the truth.
s1109,Movie,Quiet Harbor,Noah Rossi,"Aarav Kim, Meera Fernandez, Amara Sharma, Daniel Silva",Japan,"February 16, 2022",2008,PG-13,81 min,"Action & Adventure, Dramas",A suspenseful ride following a group determined to uncover the truth.
s895,TV Show,Shattered Horizon,Elena Brown,"Aiko Nakamura, Meera Dubois, Amara Müller, Yuki Kim",India,"April 3, 2021",2015,TV-MA,4 Seasons,"TV Comedies, Crime TV Shows",A suspenseful ride following a group determined to uncover the truth.
s281,Movie,Dark Garden,,"Lucas Müller, Diego Johnson",United States,"May 10, 2024",2011,TV-14,107 min,"Independent Movies, Documentaries, Action & Adventure",A gripping story that follows unexpected turns as characters confront their past.
s102,Movie,Distant Legacy,Lucas Nguyen,"Wei Müller, Priya Silva",India,"May 18, 2018",2018,R,167 min,"Sci-Fi & Fantasy, Dramas",An emotional journey that blends humor and heartbreak in equal measure.
s1065,Movie,Quiet River,Sofia Nakamura,,United States,"July 8, 2017",2012,PG-13,120 min,"Comedies, Action & Adventure, Sci-Fi & Fantasy",A heartfelt look at ordinary lives caught in extraordinary circumstances.
s1119,Movie,Frozen Journey,Aarav Sharma,"Elena Sharma, Fatima Costa",United States,"June 25, 2021",2010,G,116 min,"Romantic Movies, Documentaries",An emotional journey that blends humor and heartbreak in equal measure.
s648,TV Show,Crimson Legacy,,"Fatima Rossi, Noah Garcia",United States,"May 12, 2021",2011,TV-MA,6 Seasons,"Docuseries, TV Dramas","Set against a vivid backdrop, this tells a tale of ambition, loss, and reinvention."
s513,TV Show,Lost Whisper,Daniel Brown,,France,"October 6, 2019",2017,TV-Y,1 Season,"Reality TV, TV Comedies",A suspenseful ride following a group determined to uncover the truth.
s938,TV Show,Quiet Promise,Aiko Kim,"Noah Nguyen, Meera Silva, Priya Dubois, Aiko Dubois, Fatima Nguyen",United Kingdom,"October 8, 2022",2022,TV-MA,1 Season,"TV Comedies, Docuseries",A gripping story that follows unexpected turns as characters confront their past.
s642,Movie,Quiet Echoes,Aiko Dubois,,Spain,"September 9, 2020",2009,R,84 min,Children & Family Movies,A suspenseful ride following a group determined to uncover the truth.
s560,Movie,Silent Legacy,Nina Park,,,"April 13, 2020",2008,PG-13,136 min,"Sci-Fi & Fantasy, Children & Family Movies",A heartfelt look at ordinary lives caught in extraordinary circumstances.
s603,Movie,Broken Symphony,,"Aarav Tanaka, Priya Khan",India,"January 25, 2020",2020,G,102 min,"Thrillers, Action & Adventure","Set against a vivid backdrop, this tells a tale of ambition, loss, and reinvention."
s711,Movie,Shattered Journey,Meera Johnson,"Diego Brown, Carlos Müller, Daniel Cohen",Japan,"May 9, 2020",2010,TV-14,84 min,"Independent Movies, Dramas","Set against a vivid backdrop, this tells a tale of ambition, loss, and reinvention."
s189,Movie,Quiet Journey,Diego Nguyen,"Yuki Patel, Aiko Garcia, Diego Fernandez, Grace Tanaka",Japan,"December 8, 2019",2012,PG-13,122 min,Comedies,A heartfelt look at ordinary lives caught in extraordinary circumstances.
s190,TV Show,Broken Skyline,,"Aarav Müller, Grace Garcia, Liam Nguyen, Meera Johnson, Noah Patel",United Kingdom,"December 14, 2024",2023,TV-MA,1 Season,"Anime Series, TV Comedies",A suspenseful ride following a group determined to uncover the truth.
s199,Movie,Last Shadows,,"Lucas Dubois, Meera Müller",India,"March 10, 2020",2018,R,95 min,Horror Movies,A heartfelt look at ordinary lives caught in extraordinary circumstances.
s555,Movie,Wild Empire,Priya Garcia,,United States,"August 24, 2024",2023,R,62 min,Children & Family Movies,An emotional journey that blends humor and heartbreak in equal measure.
s751,TV Show,Lost Garden: Case,,"Grace Tanaka, Wei Sharma, Meera Tanaka, Aiko Garcia",United States,"January 5, 2016",2010,TV-G,1 Season,"Anime Series, Reality TV, Crime TV Shows","A tightly wound story exploring family, betrayal, and the search for belonging."
s614,Movie,Frozen Whisper,Aarav Silva,,,"August 7, 2018",2017,PG-13,177 min,Dramas,An emotional journey that blends humor and heartbreak in equal measure.
s650,Movie,Endless Harbor,,,India,"October 6, 2019",2019,R,73 min,"Independent Movies, Sci-Fi & Fantasy, Horror Movies",A suspenseful ride following a group determined to uncover the truth.
s305,Movie,Burning Horizon,Yuki Müller,"Kenji Tanaka, Yuki Nakamura, Aarav Sharma",Germany,"October 22, 2024",2024,R,119 min,Sci-Fi & Fantasy,A heartfelt look at ordinary lives caught in extraordinary circumstances.
s1004,TV Show,Distant Garden,,"Nina Brown, Daniel Rossi, Liam Johnson, Priya Dubois, Aarav Cohen",Germany,"December 18, 2023",2018,TV-14,1 Season,"TV Comedies, Reality TV, Kids' TV",A heartfelt look at ordinary lives caught in extraordinary circumstances.
s962,TV Show,Distant Frontier: Circle,,"Aiko Patel, Lucas Brown",United States,"December 11, 2021",2005,TV-MA,5 Seasons,"TV Comedies, Kids' TV","Set against a vivid backdrop, this tells a tale of ambition, loss, and reinvention."
s1107,Movie,Wild Shadows,,"Liam Nakamura, Amara Nguyen, Noah Cohen",Germany,"August 8, 2022",2015,TV-14,121 min,"Romantic Movies, Independent Movies, Thrillers",A gripping story that follows unexpected turns as characters confront their past.
s42,TV Show,Broken Horizon,Elena Tanaka,"Yuki Müller, Sofia Garcia, Elena Brown, Lucas Johnson, James Rossi",,"November 9, 2018",2006,TV-14,4 Seasons,TV Action & Adventure,"A tightly wound story exploring family, betrayal, and the search for belonging."
s497,TV Show,Lost Whisper,,"Carlos Dubois, Elena Cohen, Noah Müller, Aiko Brown, Sofia Dubois",Canada,"January 22, 2022",2022,TV-MA,5 Seasons,TV Action & Adventure,A heartfelt look at ordinary lives caught in extraordinary circumstances.
s310,Movie,Dark Streets,Meera Dubois,"Meera Müller, Kenji Johnson, Kenji Fernandez",United States,"April 16, 2018",2012,PG-13,147 min,"Comedies, Action & Adventure",A heartfelt look at ordinary lives caught in extraordinary circumstances.
s1166,Movie,Dark Frontier,Wei Fernandez,"Liam Kim, Priya Nguyen, Nina Tanaka, Amara Park",United States,"August 8, 2019",2009,TV-14,141 min,Sci-Fi & Fantasy,A suspenseful ride following a group determined to uncover the truth.
s681,Movie,Silent Streets,,"Carlos Nguyen, Wei Costa, Aiko Kim, Kenji Garcia, Grace Park",India,"November 14, 2024",2011,TV-MA,170 min,"Romantic Movies, Sci-Fi & Fantasy, Independent Movies","A tightly wound story exploring family, betrayal, and the search for belonging."
s100,TV Show,Silent Horizon,,"Aarav Rossi, Lucas Khan, Diego Silva, Meera Nakamura",Japan,"July 15, 2018",2018,TV-MA,1 Season,TV Comedies,A heartfelt look at ordinary lives caught in extraordinary circumstances.
s695,TV Show,Wild Shadows,,,Japan,"December 23, 2020",2017,TV-MA,4 Seasons,Crime TV Shows,A gripping story that follows unexpected turns as characters confront their past.
s762,TV Show,Lost Horizon,Aiko Patel,"Nina Nakamura, Daniel Kim",Australia,"July 1, 2020",2016,TV-PG,3 Seasons,International TV Shows,"Set against a vivid backdrop, this tells a tale of ambition, loss, and reinvention."
s651,TV Show,Sacred Legacy,Daniel Rossi,"Kenji Brown, Aiko Dubois",Brazil,"May 6, 2024",2016,TV-14,4 Seasons,"Docuseries, TV Comedies",An emotional journey that blends humor and heartbreak in equal measure.
s155,Movie,Golden Skyline,Fatima Nguyen,"Lucas Nakamura, Amara Cohen",Canada,"December 24, 2020",2012,R,68 min,"Children & Family Movies, Dramas","A tightly wound story exploring family, betrayal, and the search for belonging."
s1010,Movie,Last Horizon,,"Carlos Silva, Grace Park, Kenji Garcia, Meera Silva, Meera Costa",japan,"April 1, 2024",2024,TV-14,116 min,"Horror Movies, Children & Family Movies","Set against a vivid backdrop, this tells a tale of ambition, loss, and reinvention."
s1005,Movie,Shattered Journey,Aiko Nguyen,,United States,"January 3, 2021",2008,TV-14,145 min,"Independent Movies, Sci-Fi & Fantasy",A gripping story that follows unexpected turns as characters confront their past.
s495,TV Show,Hidden Kingdom,Liam Park,,Japan,"September 7, 2021",2013,TV-MA,3 Seasons,Romantic TV Shows,"Set against a vivid backdrop, this tells a tale of ambition, loss, and reinvention."
s112,TV Show,Wild Harbor,,"Grace Müller, Priya Tanaka",United States,"May 13, 2019",2007,TV-MA,5 Seasons,"TV Dramas, TV Comedies",An emotional journey that blends humor and heartbreak in equal measure.
s209,Movie,Distant Storm,Daniel Nakamura,"Nina Kim, Elena Park, Daniel Rossi, Aiko Nguyen",United Kingdom,"May 24, 2019",2019,R,173 min,Romantic Movies,"Set against a vivid backdrop, this tells a tale of ambition, loss, and reinvention."
s1006,TV Show,Distant Journey: Diaries,Meera Brown,"Nina Kim, Kenji Khan",United States,"January 12, 2022",2012,TV-14,1 Season,"Kids' TV, Docuseries, Reality TV","Set against a vivid backdrop, this tells a tale of ambition, loss, and reinvention."
s675,Movie,Dark Storm,Aarav Rossi,"Carlos Khan, Aarav Rossi, Noah Khan, Nina Müller",,"August 1, 2018",2005,R,160 min,Action & Adventure,A suspenseful ride following a group determined to uncover the truth.
s1118,TV Show,Last Echoes: Diaries,Amara Patel,,,"March 9, 2020",2020,TV-MA,2 Seasons,"Romantic TV Shows, Kids' TV, TV Dramas",A suspenseful ride following a group determined to uncover the truth.
s1156,Movie,Quiet Frontier,,,Mexico,"May 27, 2024",2024,R,164 min,Dramas,"Set against a vivid backdrop, this tells a tale of ambition, loss, and reinvention."
s77,Movie,Last Skyline,,,japan,"October 8, 2024",2024,TV-MA,162 min,Thrillers,"Set against a vivid backdrop, this tells a tale of ambition, loss, and reinvention."
s229,Movie,Lost Promise,Liam Sharma,"James Müller, Sofia Tanaka, Liam Nguyen",Australia,"February 4, 2020",2020,R,117 min,"Children & Family Movies, Horror Movies, Sci-Fi & Fantasy",A heartfelt look at ordinary lives caught in extraordinary circumstances.
s373,Movie,Frozen Frontier,,"Diego Cohen, Priya Cohen, Aiko Khan, Lucas Brown, Amara Cohen",Germany,"July 9, 2020",2013,TV-MA,169 min,Documentaries,A heartfelt look at ordinary lives caught in extraordinary circumstances.
s913,Movie,Distant Journey,,,United States,"October 24, 2016",2015,PG-13,179 min,"Children & Family Movies, Romantic Movies",An emotional journey that blends humor and heartbreak in equal measure.
s364,TV Show,Wild Legacy,,,Canada,"January 23, 2021",2013,TV-Y,5 Seasons,"Docuseries, TV Dramas",An emotional journey that blends humor and heartbreak in equal measure.
s824,Movie,Distant Journey,,"Daniel Khan, Fatima Kim, Aiko Cohen",,"January 7, 2019",2008,PG,89 min,Independent Movies,"Set against a vivid backdrop, this tells a tale of ambition, loss, and reinvention."
s465,Movie,Wild Kingdom,,,Mexico,"December 6, 2021",2021,TV-14,153 min,Romantic Movies,A heartfelt look at ordinary lives caught in extraordinary circumstances.
s989,TV Show,Frozen River,,"Meera Park, Carlos Dubois",United States,"January 24, 2023",2023,TV-Y,2 Seasons,"Romantic TV Shows, Docuseries","A tightly wound story exploring family, betrayal, and the search for belonging."
s289,Movie,Burning Mirror,Elena Kim,,United States,"June 6, 2020",2020,TV-14,123 min,Action & Adventure,A heartfelt look at ordinary lives caught in extraordinary circumstances.
s483,Movie,Dark Symphony,,"Noah Brown, Fatima Nguyen",South Korea,"May 3, 2022",2017,PG-13,140 min,"Documentaries, Horror Movies",A gripping story that follows unexpected turns as characters confront their past.
s864,TV Show,Quiet Whisper: Files,,"Yuki Patel, Fatima Park, Amara Silva, Aiko Brown, Kenji Cohen",Mexico,"December 24, 2018",2009,TV-14,3 Seasons,"International TV Shows, Docuseries, TV Action & Adventure","Set against a vivid backdrop, this tells a tale of ambition, loss, and reinvention."
s926,TV Show,Lost Horizon,,"Kenji Müller, Sofia Brown, Meera Rossi, Elena Khan, Yuki Garcia",United States,"August 5, 2020",2020,TV-14,6 Seasons,"Anime Series, Reality TV","A tightly wound story exploring family, betrayal, and the search for belonging."
s472,Movie,Distant Harbor,,"Fatima Khan, Fatima Silva, Diego Tanaka",Canada,"November 3, 2019",2017,PG-13,114 min,"Action & Adventure, Romantic Movies",A gripping story that follows unexpected turns as characters confront their past.
s201,Movie,Wild Streets,Sofia Cohen,"Yuki Nakamura, Daniel Nakamura",Japan,"May 9, 2019",2014,PG,166 min,Dramas,A heartfelt look at ordinary lives caught in extraordinary circumstances.
s626,Movie,Shattered Streets,,"Liam Nakamura, Daniel Silva, Noah Dubois, Carlos Patel, Wei Sharma",Australia,"May 27, 2018",2018,PG-13,65 min,Independent Movies,A gripping story that follows unexpected turns as characters confront their past.
s1226,Movie,Quiet Horizon,Meera Khan,"Sofia Sharma, Diego Johnson, Amara Rossi, Meera Johnson, Liam Garcia",United States,"January 6, 2023",2023,TV-MA,137 min,"Documentaries, Romantic Movies",A gripping story that follows unexpected turns as characters confront their past.
s1058,TV Show,Burning Garden,,"Grace Nguyen, Lucas Tanaka, Diego Silva",,"March 15, 2018",2018,TV-PG,2 Seasons,"Anime Series, TV Action & Adventure, Kids' TV",A heartfelt look at ordinary lives caught in extraordinary circumstances.
s336,Movie,Quiet Frontier,,"Aiko Patel, Lucas Costa",India,"February 17, 2017",2007,PG-13,123 min,"Action & Adventure, Comedies",A gripping story that follows unexpected turns as characters confront their past.
s396,Movie,Endless Garden,Sofia Khan,"Sofia Nakamura, Lucas Nguyen, Wei Kim",Nigeria,"October 12, 2017",2007,PG-13,61 min,"Independent Movies, Horror Movies",An emotional journey that blends humor and heartbreak in equal measure.
s419,Movie,Dark Whisper,Grace Rossi,"Lucas Johnson, Daniel Sharma, Amara Costa, Lucas Kim, Wei Nguyen",Brazil,"September 13, 2020",2020,TV-MA,120 min,"Children & Family Movies, Romantic Movies","A tightly wound story exploring family, betrayal, and the search for belonging."
s756,Movie,Quiet Streets,James Cohen,"Fatima Nguyen, Grace Cohen, Carlos Silva, Fatima Silva, Elena Nakamura",United States,"April 1, 2022",2022,NC-17,91 min,"Action & Adventure, Dramas, Thrillers",An emotional journey that blends humor and heartbreak in equal measure.
s1001,TV Show,Frozen Journey,,"Priya Dubois, Nina Tanaka, Liam Khan, Carlos Johnson",United States,"June 9, 2020",2008,TV-MA,2 Seasons,"International TV Shows, TV Comedies",A suspenseful ride following a group determined to uncover the truth.
s889,TV Show,Endless Whisper,,,India,"July 27, 2024",2006,TV-14,2 Seasons,Romantic TV Shows,An emotional journey that blends humor and heartbreak in equal measure.
s212,Movie,Burning Empire,Aarav Kim,,United States,"June 4, 2023",2023,PG-13,126 min,Horror Movies,"Set against a vivid backdrop, this tells a tale of ambition, loss, and reinvention."
s914,Movie,Silent Shadows,Amara Tanaka,"Daniel Fernandez, Diego Dubois, Nina Tanaka",United States,"January 2, 2023",2013,R,160 min,"Independent Movies, Dramas, Action & Adventure","A tightly wound story exploring family, betrayal, and the search for belonging."
s245,TV Show,Frozen Legacy,Aiko Dubois,,South Korea,"July 7, 2021",2012,TV-14,1 Season,Kids' TV,An emotional journey that blends humor and heartbreak in equal measure.
s582,Movie,Wild Promise,Kenji Nakamura,"Yuki Costa, Diego Rossi",United States,"June 10, 2020",2011,R,62 min,Horror Movies,"Set against a vivid backdrop, this tells a tale of ambition, loss, and reinvention."
s275,Movie,Forgotten Promise,,,  United States  ,"August 23, 2021",2008,NC-17,95 min,"Documentaries, Comedies",A suspenseful ride following a group determined to uncover the truth.
s206,TV Show,Frozen Echoes: Diaries,,"Kenji Park, Daniel Garcia, Liam Kim, Priya Cohen",United States,"November 22, 2022",2022,TV-14,4 Seasons,"TV Comedies, TV Dramas","Set against a vivid backdrop, this tells a tale of ambition, loss, and reinvention."
s778,TV Show,Dark Horizon,,"Yuki Garcia, Aiko Silva, Priya Fernandez",India,"March 16, 2020",2009,TV-MA,2 Seasons,TV Action & Adventure,A heartfelt look at ordinary lives caught in extraordinary circumstances.
s877,Movie,Wild Kingdom,,"James Rossi, Fatima Cohen, Sofia Nakamura, Wei Brown, Noah Dubois",Canada,"January 14, 2023",2013,PG,91 min,"Independent Movies, Dramas, Romantic Movies","A tightly wound story exploring family, betrayal, and the search for belonging."
s221,TV Show,Shattered Kingdom: Files,,"Carlos Brown, Meera Nguyen, Lucas Costa, Nina Kim",mexico,"April 12, 2022",2022,TV-Y,1 Season,TV Dramas,"Set against a vivid backdrop, this tells a tale of ambition, loss, and reinvention."
s831,TV Show,Crimson Legacy,,,United States,"October 7, 2024",2008,TV-Y7,2 Seasons,Romantic TV Shows,"Set against a vivid backdrop, this tells a tale of ambition, loss, and reinvention."
s35,Movie,Silent Promise,Liam Sharma,"Carlos Nakamura, Daniel Fernandez, James Garcia",Spain,"January 1, 2019",2019,TV-MA,152 min,"Thrillers, Comedies",A gripping story that follows unexpected turns as characters confront their past.
s86,TV Show,Forgotten Empire,,"Kenji Park, Yuki Nguyen, Liam Silva",Canada,"January 4, 2019",2017,TV-Y7,3 Seasons,"Anime Series, Romantic TV Shows, Kids' TV",A suspenseful ride following a group determined to uncover the truth.
s921,Movie,Silent Frontier,,"Liam Khan, Fatima Kim, Grace Cohen, Liam Kim",United States,"March 21, 2015",2007,PG,161 min,"Sci-Fi & Fantasy, Independent Movies",A gripping story that follows unexpected turns as characters confront their past.
s157,Movie,Quiet Kingdom,Sofia Brown,"Amara Silva, Liam Patel, Daniel Tanaka, Priya Kim",,"August 22, 2019",2018,TV-14,118 min,"Action & Adventure, Children & Family Movies",A heartfelt look at ordinary lives caught in extraordinary circumstances.
s951,Movie,Shattered Empire,Priya Brown,"Sofia Kim, James Dubois, Carlos Johnson",Australia,"August 6, 2018",2008,TV-MA,98 min,Documentaries,A heartfelt look at ordinary lives caught in extraordinary circumstances.
s420,Movie,Silent Kingdom,Lucas Silva,,,"January 23, 2019",2019,TV-14,160 min,"Action & Adventure, Sci-Fi & Fantasy, Independent Movies",An emotional journey that blends humor and heartbreak in equal measure.
s539,Movie,Distant Kingdom,,"Priya Khan, Liam Cohen, Lucas Nguyen, Grace Dubois",Germany,"March 15, 2023",2017,R,168 min,"Independent Movies, Romantic Movies, Children & Family Movies","Set against a vivid backdrop, this tells a tale of ambition, loss, and reinvention."
s836,Movie,Burning Shadows,Liam Johnson,,  United Kingdom  ,"March 12, 2017",2006,R,119 min,"Dramas, Children & Family Movies",A suspenseful ride following a group determined to uncover the truth.
s726,TV Show,Broken Promise,,"Noah Johnson, Grace Kim",United States,"May 14, 2022",2016,TV-14,2 Seasons,Kids' TV,A gripping story that follows unexpected turns as characters confront their past.
s1157,TV Show,Quiet Skyline: Files,,"Kenji Müller, Aiko Park",France,"April 2, 2022",2022,TV-MA,4 Seasons,"Reality TV, Docuseries",An emotional journey that blends humor and heartbreak in equal measure.
s845,Movie,Last Streets,Wei Patel,,India,"June 17, 2020",2007,PG-13,91 min,Dramas,A suspenseful ride following a group determined to uncover the truth.
s1012,Movie,Broken Garden,Amara Patel,"Yuki Tanaka, Diego Silva, James Kim, Noah Silva",Germany,"October 24, 2020",2011,TV-MA,152 min,"Romantic Movies, Sci-Fi & Fantasy, Horror Movies",A heartfelt look at ordinary lives caught in extraordinary circumstances.
s496,Movie,Lost Garden,Diego Silva,"Grace Garcia, Aarav Costa",germany,"April 5, 2014",2008,PG-13,83 min,Romantic Movies,A heartfelt look at ordinary lives caught in extraordinary circumstances.
s573,TV Show,Silent Garden,,"Diego Fernandez, Aiko Cohen, Lucas Silva",United States,"October 23, 2019",2016,TV-Y,3 Seasons,"TV Dramas, Crime TV Shows, TV Action & Adventure","Set against a vivid backdrop, this tells a tale of ambition, loss, and reinvention."
s528,Movie,Broken Frontier,,"Noah Nguyen, Daniel Park",Germany,"September 12, 2018",2009,NC-17,94 min,"Documentaries, Sci-Fi & Fantasy",An emotional journey that blends humor and heartbreak in equal measure.
s464,Movie,Crimson Skyline,Priya Costa,,India,"September 12, 2021",2018,TV-14,83 min,"Documentaries, Independent Movies, Dramas",A suspenseful ride following a group determined to uncover the truth.
s590,Movie,Dark Whisper,Yuki Nguyen,,India,"July 6, 2019",2011,TV-MA,116 min,"Action & Adventure, Comedies","A tightly wound story exploring family, betrayal, and the search for belonging."
s952,Movie,Crimson Harbor,Elena Fernandez,"Amara Khan, Kenji Nakamura, Sofia Park, Priya Silva, Liam Garcia",South Korea,"August 7, 2022",2018,PG,163 min,"Documentaries, Horror Movies","A tightly wound story exploring family, betrayal, and the search for belonging."
s312,TV Show,Forgotten River,,"Sofia Patel, Lucas Nguyen",United States,"November 17, 2021",2007,TV-PG,2 Seasons,Reality TV,An emotional journey that blends humor and heartbreak in equal measure.
s494,Movie,Last Skyline,,"Wei Rossi, Kenji Cohen, Priya Brown, Diego Costa",  Australia  ,"May 25, 2023",2023,R,78 min,"Horror Movies, Action & Adventure",A heartfelt look at ordinary lives caught in extraordinary circumstances.
s991,TV Show,Last Promise,,,Australia,"June 18, 2020",2016,TV-PG,7 Seasons,Romantic TV Shows,A gripping story that follows unexpected turns as characters confront their past.
s916,Movie,Last Horizon,Wei Johnson,"Kenji Müller, Noah Costa, Priya Khan, Carlos Kim, Fatima Tanaka",India,"October 3, 2018",2006,R,138 min,"Action & Adventure, Documentaries, Independent Movies","Set against a vivid backdrop, this tells a tale of ambition, loss, and reinvention."
s586,Movie,Silent Journey,Grace Kim,"Elena Khan, Yuki Garcia",Mexico,"November 19, 2023",2023,R,105 min,Horror Movies,"Set against a vivid backdrop, this tells a tale of ambition, loss, and reinvention."
s873,Movie,Sacred Journey,Noah Kim,"Priya Rossi, Aarav Cohen, James Nakamura, Noah Brown",United States,"October 7, 2018",2018,G,174 min,"Action & Adventure, Sci-Fi & Fantasy","Set against a vivid backdrop, this tells a tale of ambition, loss, and reinvention."
s474,Movie,Shattered River,Daniel Brown,"Diego Silva, Yuki Sharma, Wei Johnson",France,"October 5, 2017",2005,PG,113 min,Documentaries,A suspenseful ride following a group determined to uncover the truth.
s847,Movie,Broken Echoes,Amara Cohen,"Liam Johnson, Grace Sharma",United States,"November 12, 2024",2008,PG,155 min,"Children & Family Movies, Sci-Fi & Fantasy, Documentaries",A suspenseful ride following a group determined to uncover the truth.
s135,Movie,Endless Symphony,,,United States,"June 27, 2024",2024,R,98 min,"Action & Adventure, Dramas",An emotional journey that blends humor and heartbreak in equal measure.
s580,TV Show,Frozen Journey,,"Amara Nakamura, Daniel Nguyen, James Müller",Japan,"February 25, 2023",2018,TV-MA,2 Seasons,"TV Comedies, TV Action & Adventure","A tightly wound story exploring family, betrayal, and the search for belonging."
s792,TV Show,Lost Garden,,"James Rossi, Daniel Müller",United Kingdom,"April 13, 2023",2023,TV-MA,2 Seasons,"TV Action & Adventure, TV Dramas, Docuseries","Set against a vivid backdrop, this tells a tale of ambition, loss, and reinvention."
s384,Movie,Endless Echoes,Meera Johnson,"Yuki Brown, Grace Johnson",italy,"June 22, 2021",2020,TV-MA,138 min,"Horror Movies, Romantic Movies, Sci-Fi & Fantasy","A tightly wound story exploring family, betrayal, and the search for belonging."
s11,Movie,Forgotten Garden,Priya Sharma,"Grace Rossi, Liam Nakamura, Diego Nakamura",India,"February 2, 2020",2012,PG-13,87 min,"Documentaries, Sci-Fi & Fantasy","Set against a vivid backdrop, this tells a tale of ambition, loss, and reinvention."
s423,TV Show,Frozen Echoes: Circle,,"Grace Silva, Diego Dubois, Amara Müller, Nina Costa",India,"October 15, 2017",2005,TV-MA,4 Seasons,"Anime Series, TV Action & Adventure",A heartfelt look at ordinary lives caught in extraordinary circumstances.
s802,Movie,Hidden Echoes,,"Kenji Dubois, Daniel Nguyen, Daniel Tanaka, Diego Costa, Nina Nakamura",Spain,"April 15, 2015",2015,G,153 min,Comedies,A heartfelt look at ordinary lives caught in extraordinary circumstances.
s315,Movie,Crimson Harbor,,"Meera Nakamura, Daniel Dubois",United Kingdom,"October 14, 2022",2012,TV-MA,106 min,Thrillers,A suspenseful ride following a group determined to uncover the truth.
s672,Movie,Shattered Storm,,"Amara Costa, Lucas Nakamura, Meera Dubois, Kenji Rossi, Elena Patel",United States,"May 11, 2024",2024,NC-17,170 min,"Comedies, Thrillers",A suspenseful ride following a group determined to uncover the truth.
s1202,Movie,Distant Empire,Sofia Costa,"Grace Nguyen, Priya Johnson",Germany,"September 7, 2020",2016,R,85 min,"Action & Adventure, Children & Family Movies, Sci-Fi & Fantasy",An emotional journey that blends humor and heartbreak in equal measure.
s665,Movie,Lost Skyline,Yuki Johnson,,France,"September 3, 2016",2010,R,91 min,"Dramas, Thrillers",A heartfelt look at ordinary lives caught in extraordinary circumstances.
s479,TV Show,Quiet Empire: Tapes,,"Sofia Fernandez, Daniel Nguyen",India,"December 8, 2023",2023,TV-14,1 Season,"TV Dramas, Kids' TV",A heartfelt look at ordinary lives caught in extraordinary circumstances.
s351,Movie,Wild Streets,Daniel Costa,"Carlos Nguyen, Grace Park, Elena Nakamura",India,"August 6, 2020",2020,R,143 min,Documentaries,A suspenseful ride following a group determined to uncover the truth.
s551,TV Show,Sacred Shadows: Circle,,"Carlos Fernandez, Diego Johnson, Diego Patel",Canada,"May 3, 2020",2013,TV-Y7,1 Season,Anime Series,A heartfelt look at ordinary lives caught in extraordinary circumstances.
s105,Movie,Broken Frontier,Aarav Fernandez,,,"May 20, 2021",2013,PG,65 min,"Documentaries, Independent Movies",An emotional journey that blends humor and heartbreak in equal measure.
s980,TV Show,Burning Whisper,Sofia Brown,,United Kingdom,"January 4, 2020",2016,TV-MA,1 Season,"Docuseries, Kids' TV, TV Action & Adventure","Set against a vivid backdrop, this tells a tale of ambition, loss, and reinvention."
s350,Movie,Hidden Legacy,,"James Cohen, Liam Nakamura, Amara Dubois, James Fernandez",Germany,"October 25, 2016",2011,PG,172 min,"Children & Family Movies, Thrillers",A suspenseful ride following a group determined to uncover the truth.
s532,TV Show,Lost Promise,,"Carlos Dubois, James Fernandez, Nina Patel, Wei Park",South Korea,"August 22, 2017",2017,TV-MA,2 Seasons,Docuseries,An emotional journey that blends humor and heartbreak in equal measure.
s480,Movie,Last Mirror,Kenji Costa,"Grace Kim, Sofia Tanaka, Noah Brown",United States,"June 25, 2021",2021,TV-MA,105 min,"Independent Movies, Horror Movies, Dramas",A suspenseful ride following a group determined to uncover the truth.
s987,Movie,Frozen Frontier,James Nguyen,"Yuki Garcia, Carlos Cohen",Australia,"July 14, 2023",2006,PG,176 min,Action & Adventure,"Set against a vivid backdrop, this tells a tale of ambition, loss, and reinvention."
s594,Movie,Shattered Garden,,"Priya Park, Aiko Costa, Diego Müller, Nina Cohen",Nigeria,"February 19, 2019",2019,NC-17,122 min,"Children & Family Movies, Thrillers",A suspenseful ride following a group determined to uncover the truth.
s348,Movie,Distant Legacy,Noah Dubois,"Daniel Müller, Kenji Patel, Noah Khan, Priya Müller, Noah Brown",India,"May 18, 2017",2007,TV-14,65 min,"Thrillers, Dramas, Independent Movies","Set against a vivid backdrop, this tells a tale of ambition, loss, and reinvention."
s939,Movie,Wild Legacy,Amara Park,"Diego Garcia, Aarav Dubois",South Korea,"October 3, 2022",2022,PG-13,100 min,"Sci-Fi & Fantasy, Independent Movies",A heartfelt look at ordinary lives caught in extraordinary circumstances.
s391,TV Show,Shattered Frontier,Yuki Rossi,"Sofia Nguyen, Priya Müller",France,"July 12, 2019",2013,TV-14,1 Season,Romantic TV Shows,A suspenseful ride following a group determined to uncover the truth.
s769,Movie,Dark Streets,,"Lucas Müller, Nina Costa, Lucas Garcia, Aiko Patel",Nigeria,"December 17, 2023",2023,PG-13,155 min,"Sci-Fi & Fantasy, Independent Movies",A gripping story that follows unexpected turns as characters confront their past.
s140,Movie,Endless Legacy,James Johnson,"Kenji Johnson, Fatima Nguyen, Wei Rossi, Nina Nguyen",India,"May 8, 2021",2021,R,109 min,"Romantic Movies, Documentaries",A suspenseful ride following a group determined to uncover the truth.
s1152,Movie,Endless Legacy,Sofia Fernandez,"Wei Tanaka, Aarav Patel",United States,"July 7, 2024",2007,PG-13,167 min,"Dramas, Sci-Fi & Fantasy","Set against a vivid backdrop, this tells a tale of ambition, loss, and reinvention."
s960,TV Show,Hidden Skyline,James Rossi,"Elena Khan, Kenji Fernandez, Wei Dubois, Daniel Silva, Aarav Brown",France,"June 5, 2017",2011,TV-MA,5 Seasons,Docuseries,A gripping story that follows unexpected turns as characters confront their past.
s166,Movie,Wild Frontier,,"Lucas Costa, Noah Garcia, Liam Garcia",Italy,"March 3, 2021",2008,PG-13,147 min,"Independent Movies, Action & Adventure, Comedies",An emotional journey that blends humor and heartbreak in equal measure.
s981,Movie,Dark Frontier,,"Yuki Silva, Amara Nakamura, Amara Nakamura, Aiko Tanaka, Yuki Nakamura",Italy,"July 14, 2022",2007,TV-MA,121 min,"Horror Movies, Comedies",A gripping story that follows unexpected turns as characters confront their past.
s227,Movie,Lost Promise,Carlos Brown,"Carlos Sharma, Liam Rossi, Kenji Cohen",Germany,"February 27, 2022",2006,R,95 min,"Action & Adventure, Comedies",An emotional journey that blends humor and heartbreak in equal measure.
s978,Movie,Silent Mirror,Elena Khan,,Canada,"May 3, 2023",2023,TV-MA,138 min,"Dramas, Romantic Movies","Set against a vivid backdrop, this tells a tale of ambition, loss, and reinvention."
s181,TV Show,Lost Streets,,"James Cohen, Noah Costa, Yuki Fernandez",Australia,"September 17, 2019",2009,TV-14,1 Season,"International TV Shows, Romantic TV Shows, Docuseries",An emotional journey that blends humor and heartbreak in equal measure.
s192,Movie,Crimson Skyline,Elena Dubois,"Yuki Costa, Carlos Dubois, Liam Tanaka, Meera Johnson",Canada,"April 22, 2019",2019,PG-13,174 min,"Thrillers, Children & Family Movies, Sci-Fi & Fantasy",An emotional journey that blends humor and heartbreak in equal measure.
s307,Movie,Wild Whisper,,,United Kingdom,"February 17, 2017",2010,TV-14,106 min,Dramas,A gripping story that follows unexpected turns as characters confront their past.
s1197,Movie,Burning Shadows,Carlos Park,,India,"September 26, 2022",2022,PG,129 min,"Children & Family Movies, Comedies",An emotional journey that blends humor and heartbreak in equal measure.
s1201,Movie,Silent Frontier,Aiko Dubois,,Italy,"December 18, 2021",2008,R,97 min,"Sci-Fi & Fantasy, Dramas, Children & Family Movies",A gripping story that follows unexpected turns as characters confront their past.
s1204,Movie,Last Empire,Grace Nakamura,"Fatima Kim, Grace Fernandez, Kenji Cohen, Wei Dubois, Aarav Dubois",United States,"June 22, 2019",2007,PG,64 min,"Children & Family Movies, Sci-Fi & Fantasy",An emotional journey that blends humor and heartbreak in equal measure.
s1025,Movie,Silent Empire,Kenji Tanaka,"Noah Khan, Nina Cohen",Japan,"November 17, 2023",2023,TV-MA,171 min,Thrillers,A suspenseful ride following a group determined to uncover the truth.
s787,Movie,Burning Shadows,,,United States,"May 6, 2020",2016,G,148 min,"Romantic Movies, Sci-Fi & Fantasy",An emotional journey that blends humor and heartbreak in equal measure.
s768,TV Show,Lost Streets,,"Amara Nakamura, Aarav Patel, Wei Müller, Sofia Silva, Lucas Nguyen",,"March 19, 2020",2017,TV-14,2 Seasons,"Kids' TV, Romantic TV Shows",A heartfelt look at ordinary lives caught in extraordinary circumstances.
s739,Movie,Lost Symphony,Wei Patel,"Carlos Tanaka, Kenji Costa, Noah Nakamura, Noah Cohen",India,"November 19, 2021",2019,PG-13,119 min,"Romantic Movies, Documentaries","A tightly wound story exploring family, betrayal, and the search for belonging."
s767,Movie,Lost River,Grace Dubois,"Yuki Garcia, Grace Kim",,"September 14, 2023",2017,PG-13,120 min,Action & Adventure,An emotional journey that blends humor and heartbreak in equal measure.
s1160,Movie,Burning Promise,Meera Costa,"Lucas Müller, Wei Fernandez",Canada,"October 25, 2020",2006,PG-13,148 min,Documentaries,An emotional journey that blends humor and heartbreak in equal measure.
s841,Movie,Crimson River,,"Daniel Tanaka, Nina Johnson, Noah Costa",United States,"November 18, 2019",2006,PG-13,158 min,"Sci-Fi & Fantasy, Action & Adventure, Children & Family Movies",A heartfelt look at ordinary lives caught in extraordinary circumstances.
s1094,Movie,Sacred Whisper,Meera Costa,,India,"April 23, 2019",2016,R,169 min,Comedies,A heartfelt look at ordinary lives caught in extraordinary circumstances.
s243,Movie,Quiet Legacy,Liam Sharma,"Sofia Johnson, Priya Park",  United States  ,"September 2, 2020",2018,TV-14,160 min,"Comedies, Horror Movies",A gripping story that follows unexpected turns as characters confront their past.
s18,Movie,Shattered Empire,Amara Patel,"Kenji Rossi, Amara Johnson",India,"January 11, 2020",2017,PG-13,146 min,Independent Movies,An emotional journey that blends humor and heartbreak in equal measure.
s383,Movie,Wild Journey,Meera Park,"Carlos Costa, Aiko Patel, Grace Park, Wei Khan, Carlos Müller",India,"June 16, 2018",2012,PG,79 min,"Romantic Movies, Children & Family Movies","Set against a vivid backdrop, this tells a tale of ambition, loss, and reinvention."
s394,Movie,Hidden Promise,Meera Rossi,"Lucas Cohen, Lucas Kim, Wei Park, Yuki Cohen",United States,"October 7, 2020",2007,R,141 min,"Children & Family Movies, Sci-Fi & Fantasy, Action & Adventure",A suspenseful ride following a group determined to uncover the truth.
s764,Movie,Golden Horizon,Yuki Dubois,"Noah Silva, James Cohen, Lucas Costa",,"April 9, 2020",2020,TV-MA,79 min,"Dramas, Documentaries",A heartfelt look at ordinary lives caught in extraordinary circumstances.
s1227,Movie,Quiet Whisper,,"Daniel Sharma, Carlos Kim, Meera Sharma, Lucas Johnson, Daniel Silva",France,"July 7, 2021",2021,R,166 min,"Comedies, Romantic Movies",A heartfelt look at ordinary lives caught in extraordinary circumstances.
s208,Movie,Broken Frontier,Daniel Khan,"Nina Cohen, Elena Sharma, Elena Patel",United States,"November 22, 2019",2013,R,129 min,"Romantic Movies, Thrillers",An emotional journey that blends humor and heartbreak in equal measure.
s923,Movie,Golden Storm,Lucas Müller,"Elena Fernandez, Liam Silva, Meera Brown, Meera Park",India,"September 16, 2018",2008,PG-13,119 min,"Sci-Fi & Fantasy, Documentaries, Comedies","A tightly wound story exploring family, betrayal, and the search for belonging."
s404,Movie,Shattered Empire,Aarav Khan,"Grace Tanaka, Amara Cohen, Lucas Nguyen, Aiko Kim, Priya Garcia",united kingdom,"April 8, 2018",2018,PG,121 min,"Action & Adventure, Comedies",A suspenseful ride following a group determined to uncover the truth.
s706,Movie,Hidden Horizon,Amara Tanaka,"Lucas Cohen, Nina Sharma, Carlos Brown",,"July 22, 2024",2024,TV-MA,79 min,Thrillers,"Set against a vivid backdrop, this tells a tale of ambition, loss, and reinvention."
s276,TV Show,Broken Shadows,Elena Patel,"Elena Nakamura, Lucas Müller, Nina Brown",,"March 9, 2018",2015,TV-14,2 Seasons,"International TV Shows, Anime Series",A heartfelt look at ordinary lives caught in extraordinary circumstances.
s647,Movie,Golden Legacy,Meera Garcia,"Sofia Rossi, Priya Silva, Sofia Rossi, Diego Garcia, James Müller",United States,"May 19, 2017",2015,TV-MA,162 min,"Documentaries, Children & Family Movies",A heartfelt look at ordinary lives caught in extraordinary circumstances.
s346,Movie,Silent Frontier,,,India,"September 26, 2023",2012,PG,84 min,"Action & Adventure, Horror Movies",A suspenseful ride following a group determined to uncover the truth.
s597,Movie,Silent Symphony,Fatima Cohen,"Amara Brown, Sofia Khan, Fatima Rossi, Elena Rossi, Nina Brown",United States,"March 9, 2020",2016,TV-MA,101 min,"Romantic Movies, Children & Family Movies, Horror Movies",A suspenseful ride following a group determined to uncover the truth.
s1217,Movie,Shattered Journey,Aarav Costa,,India,"April 11, 2018",2013,PG-13,121 min,"Action & Adventure, Horror Movies, Documentaries",A suspenseful ride following a group determined to uncover the truth.
s869,Movie,Golden Skyline,Daniel Rossi,"Nina Fernandez, James Patel",united states,"April 26, 2017",2005,PG,145 min,Documentaries,"Set against a vivid backdrop, this tells a tale of ambition, loss, and reinvention."
s341,Movie,Quiet Horizon,Aiko Johnson,"Elena Cohen, Liam Tanaka",Mexico,"September 24, 2019",2007,TV-14,165 min,Independent Movies,A gripping story that follows unexpected turns as characters confront their past.
s176,Movie,Crimson Echoes,Grace Khan,"Nina Nguyen, Liam Kim, Liam Nakamura, Meera Nguyen, Aiko Cohen",France,"August 21, 2024",2009,R,158 min,"Independent Movies, Comedies",A gripping story that follows unexpected turns as characters confront their past.
s38,Movie,Last Shadows,Noah Nguyen,"Liam Khan, Daniel Silva, Noah Costa, Daniel Park, Fatima Nakamura",United States,"December 16, 2017",2009,R,73 min,"Horror Movies, Children & Family Movies, Documentaries",A heartfelt look at ordinary lives caught in extraordinary circumstances.
s321,Movie,Golden Symphony,James Rossi,"James Silva, James Sharma, Priya Müller, Noah Park",United States,"December 19, 2019",2018,TV-MA,103 min,"Comedies, Sci-Fi & Fantasy, Independent Movies","Set against a vivid backdrop, this tells a tale of ambition, loss, and reinvention."
s828,TV Show,Quiet Echoes,,,  Germany  ,"March 11, 2021",2021,TV-14,3 Seasons,"Reality TV, TV Action & Adventure, Romantic TV Shows",A suspenseful ride following a group determined to uncover the truth.
s1023,Movie,Lost River,Carlos Fernandez,"Nina Cohen, Aiko Nakamura, Noah Garcia, Amara Tanaka, James Brown",,"February 5, 2022",2022,TV-MA,166 min,"Comedies, Children & Family Movies",A heartfelt look at ordinary lives caught in extraordinary circumstances.
s510,Movie,Silent Shadows,Diego Sharma,"Priya Brown, Wei Cohen, Kenji Nguyen, Grace Kim, Liam Costa",Mexico,"December 14, 2022",2022,PG-13,144 min,"Dramas, Horror Movies",A gripping story that follows unexpected turns as characters confront their past.
s746,Movie,Last Harbor,Noah Costa,,Germany,"May 18, 2018",2016,PG-13,113 min,"Dramas, Independent Movies, Horror Movies",A gripping story that follows unexpected turns as characters confront their past.
s1095,Movie,Wild Storm,,"Sofia Park, Yuki Cohen, Lucas Fernandez",Brazil,"May 18, 2017",2009,TV-14,94 min,Thrillers,A heartfelt look at ordinary lives caught in extraordinary circumstances.
s937,Movie,Last Empire,,,Brazil,"November 8, 2020",2010,R,135 min,"Dramas, Horror Movies, Action & Adventure","Set against a vivid backdrop, this tells a tale of ambition, loss, and reinvention."
s402,Movie,Hidden Streets,Kenji Garcia,"Yuki Johnson, Fatima Patel, Amara Park, Diego Kim, Elena Rossi",United States,"February 3, 2020",2007,TV-MA,87 min,Action & Adventure,"A tightly wound story exploring family, betrayal, and the search for belonging."
s878,Movie,Lost Symphony,,,Italy,"July 8, 2020",2015,PG-13,69 min,Thrillers,"A tightly wound story exploring family, betrayal, and the search for belonging."
s1221,Movie,Endless Skyline,,"Liam Nakamura, Daniel Fernandez, Sofia Cohen, Elena Rossi",spain,"February 16, 2023",2023,R,163 min,"Romantic Movies, Action & Adventure",A heartfelt look at ordinary lives caught in extraordinary circumstances.
s537,Movie,Sacred Echoes,,,Canada,"September 13, 2014",2008,PG-13,164 min,Thrillers,A suspenseful ride following a group determined to uncover the truth.
s330,TV Show,Broken Empire,Kenji Sharma,,United States,"December 7, 2024",2021,TV-14,3 Seasons,"TV Comedies, Crime TV Shows",A heartfelt look at ordinary lives caught in extraordinary circumstances.
s461,Movie,Dark Whisper,Carlos Dubois,"Lucas Rossi, Yuki Dubois, Amara Khan, Aiko Silva",Nigeria,"June 18, 2017",2008,TV-MA,92 min,Horror Movies,"A tightly wound story exploring family, betrayal, and the search for belonging."
s327,TV Show,Silent Legacy,,"Aiko Nguyen, Aiko Nakamura",Japan,"September 5, 2023",2023,TV-MA,4 Seasons,Romantic TV Shows,"A tightly wound story exploring family, betrayal, and the search for belonging."
s488,TV Show,Crimson Horizon,,"Priya Nguyen, Sofia Patel",,"August 22, 2018",2006,TV-MA,1 Season,Docuseries,An emotional journey that blends humor and heartbreak in equal measure.
s531,Movie,Shattered Promise,,"Carlos Cohen, James Kim, Kenji Khan",United States,"February 23, 2021",2016,R,179 min,"Documentaries, Action & Adventure, Thrillers",A suspenseful ride following a group determined to uncover the truth.
s1229,Movie,Last Kingdom,Nina Fernandez,,India,"October 6, 2017",2010,R,158 min,"Horror Movies, Independent Movies","A tightly wound story exploring family, betrayal, and the search for belonging."
s1234,TV Show,Distant Garden,,,Mexico,"April 13, 2024",2024,TV-G,5 Seasons,"TV Dramas, TV Comedies, Reality TV","Set against a vivid backdrop, this tells a tale of ambition, loss, and reinvention."
s1133,Movie,Quiet Empire,Liam Patel,,South Korea,"December 16, 2019",2015,G,141 min,Comedies,A heartfelt look at ordinary lives caught in extraordinary circumstances.
s60,Movie,Dark Garden,,"Kenji Silva, James Nakamura, Sofia Tanaka, Fatima Johnson",south korea,"August 21, 2021",2008,R,77 min,"Thrillers, Documentaries, Horror Movies",A gripping story that follows unexpected turns as characters confront their past.
s14,Movie,Frozen Echoes,,,Italy,"October 3, 2019",2009,PG-13,60 min,"Children & Family Movies, Action & Adventure, Dramas","Set against a vivid backdrop, this tells a tale of ambition, loss, and reinvention."
s832,Movie,Last Symphony,Kenji Müller,,United States,"May 16, 2023",2023,TV-MA,168 min,"Thrillers, Action & Adventure","A tightly wound story exploring family, betrayal, and the search for belonging."
s561,Movie,Golden River,Sofia Park,,India,"April 21, 2023",2007,PG-13,66 min,Children & Family Movies,An emotional journey that blends humor and heartbreak in equal measure.
s1013,Movie,Frozen Empire,Sofia Khan,"Carlos Nguyen, Sofia Nguyen, Sofia Khan, Priya Rossi",France,"October 2, 2019",2019,PG,131 min,Children & Family Movies,An emotional journey that blends humor and heartbreak in equal measure.
s458,Movie,Broken Frontier,Meera Nakamura,,United States,"December 15, 2023",2023,R,65 min,"Children & Family Movies, Dramas",A heartfelt look at ordinary lives caught in extraordinary circumstances.
s1144,TV Show,Shattered Skyline,,"Aiko Johnson, Carlos Kim",Mexico,"February 18, 2019",2015,TV-MA,1 Season,TV Comedies,"Set against a vivid backdrop, this tells a tale of ambition, loss, and reinvention."
s1029,TV Show,Crimson Skyline,,"Priya Costa, Nina Johnson, Priya Müller, Lucas Sharma, Carlos Patel",South Korea,"March 15, 2021",2021,TV-14,1 Season,"Crime TV Shows, International TV Shows",A suspenseful ride following a group determined to uncover the truth.
s463,Movie,Shattered Storm,Aarav Nakamura,"Kenji Garcia, Priya Silva, Grace Khan",Australia,"February 4, 2014",2013,TV-14,95 min,"Action & Adventure, Thrillers",A suspenseful ride following a group determined to uncover the truth.
s92,Movie,Distant Shadows,,,South Korea,"December 13, 2021",2011,G,145 min,"Documentaries, Children & Family Movies","Set against a vivid backdrop, this tells a tale of ambition, loss, and reinvention."
s920,Movie,Dark Mirror,Carlos Sharma,,,"January 11, 2018",2010,R,179 min,"Documentaries, Thrillers",A gripping story that follows unexpected turns as characters confront their past.
s323,Movie,Frozen Horizon,James Khan,"Fatima Park, Lucas Khan, James Kim, Kenji Costa",United States,"June 8, 2019",2012,PG-13,122 min,Comedies,An emotional journey that blends humor and heartbreak in equal measure.
s482,TV Show,Endless Kingdom: Circle,,"Sofia Costa, Yuki Nguyen, Aiko Cohen, Aiko Müller, Diego Garcia",United Kingdom,"April 10, 2021",2005,TV-PG,3 Seasons,"TV Action & Adventure, TV Dramas",A gripping story that follows unexpected turns as characters confront their past.
s332,Movie,Forgotten Storm,Elena Khan,"Grace Tanaka, James Costa, Diego Fernandez, Diego Johnson, Fatima Rossi",Germany,"November 1, 2017",2014,PG-13,148 min,"Independent Movies, Children & Family Movies, Dramas","Set against a vivid backdrop, this tells a tale of ambition, loss, and reinvention."
s1081,Movie,Lost Skyline,Yuki Tanaka,"Aarav Fernandez, Diego Tanaka, Wei Garcia, Nina Sharma",Italy,"April 5, 2018",2011,PG-13,92 min,Romantic Movies,A heartfelt look at ordinary lives caught in extraordinary circumstances.
s928,TV Show,Quiet Shadows: Files,Liam Sharma,"Sofia Nguyen, Priya Brown, Meera Park, Kenji Tanaka, Lucas Kim",India,"August 27, 2018",2009,TV-MA,1 Season,TV Action & Adventure,"Set against a vivid backdrop, this tells a tale of ambition, loss, and reinvention."
s54,Movie,Endless Storm,,,India,"March 24, 2019",2011,TV-MA,114 min,"Dramas, Independent Movies",A gripping story that follows unexpected turns as characters confront their past.
s758,Movie,Broken Journey,Liam Khan,"Yuki Müller, Fatima Brown, Meera Rossi, Aiko Patel, Elena Patel",France,"June 4, 2020",2016,R,157 min,"Thrillers, Independent Movies",A gripping story that follows unexpected turns as characters confront their past.
s4,Movie,Last Harbor,,,France,"July 22, 2024",2016,TV-14,155 min,"Thrillers, Action & Adventure, Romantic Movies","A tightly wound story exploring family, betrayal, and the search for belonging."
s924,Movie,Frozen Harbor,,"Aarav Johnson, Yuki Tanaka, Noah Dubois",South Korea,"June 5, 2023",2023,PG,89 min,Independent Movies,"A tightly wound story exploring family, betrayal, and the search for belonging."
s535,Movie,Frozen Horizon,Aarav Patel,"Lucas Nguyen, Grace Nakamura, Sofia Khan, Diego Johnson",United States,"September 3, 2024",2009,G,103 min,Horror Movies,A suspenseful ride following a group determined to uncover the truth.
s257,Movie,Wild Promise,,"Yuki Fernandez, Wei Khan, Priya Nakamura, James Patel, Priya Tanaka",India,"February 21, 2019",2019,PG,76 min,Thrillers,A gripping story that follows unexpected turns as characters confront their past.
s49,Movie,Burning Streets,,"Liam Garcia, Nina Park, Priya Rossi",,"March 18, 2017",2012,PG-13,97 min,"Dramas, Horror Movies",A heartfelt look at ordinary lives caught in extraordinary circumstances.
s1232,Movie,Burning Legacy,Elena Patel,"James Garcia, James Patel",South Korea,"March 9, 2020",2020,PG-13,97 min,"Children & Family Movies, Documentaries",A gripping story that follows unexpected turns as characters confront their past.
s521,Movie,Last Legacy,Nina Rossi,"Fatima Park, Aarav Costa",Australia,"December 13, 2019",2017,TV-14,76 min,"Action & Adventure, Thrillers",An emotional journey that blends humor and heartbreak in equal measure.
s216,Movie,Burning Journey,Nina Nguyen,"Aiko Park, Meera Tanaka, Carlos Costa, Grace Costa",,"April 4, 2016",2010,R,85 min,"Comedies, Documentaries",An emotional journey that blends humor and heartbreak in equal measure.
s369,Movie,Burning Kingdom,Sofia Johnson,"Elena Johnson, Grace Dubois, James Garcia, Sofia Nguyen",United States,"June 25, 2020",2013,R,68 min,"Thrillers, Independent Movies",An emotional journey that blends humor and heartbreak in equal measure.
s617,Movie,Forgotten Frontier,Fatima Brown,,Germany,"July 23, 2024",2010,PG-13,61 min,Thrillers,"A tightly wound story exploring family, betrayal, and the search for belonging."
s73,TV Show,Dark Symphony,,,,"November 7, 2017",2008,TV-MA,6 Seasons,TV Dramas,A suspenseful ride following a group determined to uncover the truth.
s258,TV Show,Golden Frontier,,"Amara Nakamura, Priya Cohen, Noah Silva, Grace Sharma, Aiko Fernandez",Australia,"March 25, 2020",2015,TV-Y7,4 Seasons,Anime Series,A suspenseful ride following a group determined to uncover the truth.
s1141,Movie,Frozen Streets,Aarav Garcia,"Wei Khan, Amara Müller, Amara Tanaka, Grace Müller",united kingdom,"October 9, 2023",2018,PG-13,137 min,"Independent Movies, Sci-Fi & Fantasy, Action & Adventure",An emotional journey that blends humor and heartbreak in equal measure.
s3,Movie,Frozen Harbor,Amara Cohen,"Lucas Nguyen, Priya Dubois, Fatima Silva, Fatima Garcia",United Kingdom,"April 20, 2021",2021,R,90 min,"Comedies, Dramas, Documentaries",A heartfelt look at ordinary lives caught in extraordinary circumstances.
s1155,Movie,Quiet Streets,Priya Patel,"Meera Sharma, Elena Brown",India,"March 23, 2018",2012,R,91 min,Documentaries,A suspenseful ride following a group determined to uncover the truth.
s958,Movie,Lost Harbor,Priya Rossi,,Spain,"August 13, 2020",2020,R,168 min,Documentaries,A gripping story that follows unexpected turns as characters confront their past.
s242,Movie,Golden Kingdom,,"Aarav Garcia, Priya Garcia, Wei Costa, Sofia Patel, Kenji Rossi",United Kingdom,"May 2, 2019",2006,TV-MA,164 min,"Comedies, Thrillers, Independent Movies","A tightly wound story exploring family, betrayal, and the search for belonging."
s708,TV Show,Forgotten Storm,Aiko Silva,"Yuki Dubois, Daniel Rossi, Kenji Garcia, Aarav Nguyen, Aiko Rossi",United States,"February 12, 2021",2021,TV-14,1 Season,"Kids' TV, TV Action & Adventure","A tightly wound story exploring family, betrayal, and the search for belonging."
s1077,Movie,Distant Garden,Kenji Kim,"Kenji Patel, Elena Müller",United States,"July 15, 2024",2020,PG,155 min,"Sci-Fi & Fantasy, Thrillers, Dramas",A heartfelt look at ordinary lives caught in extraordinary circumstances.
s1247,Movie,Quiet Whisper,Diego Park,,  United States  ,"July 12, 2020",2016,PG-13,88 min,Dramas,An emotional journey that blends humor and heartbreak in equal measure.
s1064,TV Show,Silent Horizon,,"Fatima Kim, Grace Kim, Daniel Tanaka",France,"April 5, 2023",2008,TV-MA,6 Seasons,TV Comedies,A suspenseful ride following a group determined to uncover the truth.
s583,Movie,Lost Shadows,Nina Tanaka,,India,"August 14, 2021",2019,G,126 min,"Comedies, Documentaries, Children & Family Movies","A tightly wound story exploring family, betrayal, and the search for belonging."
s737,Movie,Endless Harbor,Wei Silva,"Wei Sharma, Grace Kim, Priya Costa, Nina Khan",Canada,"February 6, 2015",2006,R,166 min,"Independent Movies, Action & Adventure, Dramas",An emotional journey that blends humor and heartbreak in equal measure.
s637,TV Show,Burning Skyline,,"Grace Cohen, Liam Khan, Aarav Costa, James Nakamura",Brazil,"October 22, 2022",2020,TV-Y,1 Season,Romantic TV Shows,"A tightly wound story exploring family, betrayal, and the search for belonging."
s1033,TV Show,Sacred Kingdom,,,Germany,"December 24, 2020",2008,TV-14,4 Seasons,TV Comedies,An emotional journey that blends humor and heartbreak in equal measure.
s454,Movie,Quiet Storm,,"Grace Sharma, Wei Sharma, Kenji Rossi, Noah Costa, Nina Patel",Mexico,"July 27, 2017",2013,TV-14,176 min,"Thrillers, Sci-Fi & Fantasy, Action & Adventure","A tightly wound story exploring family, betrayal, and the search for belonging."
s1066,Movie,Hidden Kingdom,Amara Khan,"Sofia Garcia, Aiko Müller, Amara Brown",South Korea,"April 6, 2022",2022,G,64 min,"Romantic Movies, Documentaries, Thrillers",An emotional journey that blends humor and heartbreak in equal measure.
s970,Movie,Hidden Whisper,,"Amara Tanaka, Yuki Johnson, Lucas Cohen, Diego Patel, Sofia Garcia",United States,"August 4, 2021",2015,G,116 min,"Romantic Movies, Action & Adventure",A gripping story that follows unexpected turns as characters confront their past.
s427,TV Show,Burning Empire,Nina Nguyen,,United Kingdom,"September 17, 2022",2005,TV-14,5 Seasons,"Docuseries, TV Dramas",An emotional journey that blends humor and heartbreak in equal measure.
s74,Movie,Forgotten Whisper,,,united states,"September 27, 2018",2007,R,113 min,Thrillers,A heartfelt look at ordinary lives caught in extraordinary circumstances.
s118,Movie,Silent Symphony,,"James Kim, Elena Müller, Grace Nguyen",India,"June 26, 2022",2016,PG,151 min,"Horror Movies, Children & Family Movies, Comedies",A gripping story that follows unexpected turns as characters confront their past.
s436,Movie,Burning Empire,,"Daniel Müller, Aiko Nguyen, Priya Müller",Spain,"December 21, 2024",2024,R,148 min,Dramas,An emotional journey that blends humor and heartbreak in equal measure.
s1132,TV Show,Burning Empire: Tapes,,"Fatima Patel, Liam Khan, Lucas Silva, Amara Patel",United States,"August 9, 2019",2016,TV-14,2 Seasons,"Kids' TV, TV Dramas, Anime Series","Set against a vivid backdrop, this tells a tale of ambition, loss, and reinvention."
s44,Movie,Quiet Kingdom,Fatima Patel,,France,"November 16, 2020",2020,R,129 min,"Documentaries, Thrillers","Set against a vivid backdrop, this tells a tale of ambition, loss, and reinvention."
s1158,Movie,Hidden Horizon,Sofia Cohen,,,"December 18, 2024",2023,R,151 min,"Children & Family Movies, Horror Movies, Comedies",An emotional journey that blends humor and heartbreak in equal measure.
s368,Movie,Silent Kingdom,,"Diego Müller, Aarav Fernandez, Noah Johnson, Fatima Cohen",United Kingdom,"March 21, 2018",2010,R,151 min,"Comedies, Action & Adventure",A heartfelt look at ordinary lives caught in extraordinary circumstances.
s6,TV Show,Burning Symphony: Tapes,,"Wei Khan, James Fernandez, Grace Garcia",France,"July 22, 2019",2007,TV-14,2 Seasons,"Crime TV Shows, TV Comedies","Set against a vivid backdrop, this tells a tale of ambition, loss, and reinvention."
s1183,TV Show,Quiet Whisper,,"Wei Müller, Wei Silva",United States,"September 18, 2019",2011,TV-14,3 Seasons,Crime TV Shows,A heartfelt look at ordinary lives caught in extraordinary circumstances.
s941,Movie,Forgotten Harbor,Fatima Nguyen,"Meera Garcia, Nina Sharma",italy,"April 7, 2021",2009,PG-13,159 min,"Thrillers, Horror Movies, Sci-Fi & Fantasy",A suspenseful ride following a group determined to uncover the truth.
s1199,TV Show,Last River,,"Amara Park, Wei Brown, Grace Sharma, Yuki Nakamura, Elena Rossi",Japan,"November 23, 2020",2017,TV-Y7,3 Seasons,"Reality TV, TV Action & Adventure",A suspenseful ride following a group determined to uncover the truth.
s485,Movie,Broken River,,"Fatima Müller, Sofia Brown, Aarav Garcia, Amara Nguyen, Elena Costa",India,"September 23, 2020",2015,R,110 min,"Romantic Movies, Action & Adventure, Independent Movies",A suspenseful ride following a group determined to uncover the truth.
s331,Movie,Endless Legacy,Noah Sharma,"Daniel Garcia, Aarav Müller, Meera Silva",Japan,"February 27, 2022",2008,PG-13,83 min,Romantic Movies,A heartfelt look at ordinary lives caught in extraordinary circumstances.
s1125,Movie,Quiet Journey,Wei Kim,,,"June 14, 2019",2012,PG,101 min,"Independent Movies, Horror Movies","Set against a vivid backdrop, this tells a tale of ambition, loss, and reinvention."
s881,Movie,Hidden Horizon,Kenji Rossi,"Carlos Garcia, Elena Müller, Priya Müller, Diego Fernandez",United States,"July 22, 2019",2012,TV-MA,141 min,Documentaries,A gripping story that follows unexpected turns as characters confront their past.
s12,Movie,Lost Shadows,Priya Garcia,,Italy,"May 11, 2022",2008,R,113 min,"Sci-Fi & Fantasy, Dramas",An emotional journey that blends humor and heartbreak in equal measure.
s542,Movie,Burning Frontier,Priya Cohen,"Meera Costa, Elena Brown, Daniel Johnson, Priya Fernandez, Meera Nguyen",South Korea,"September 3, 2023",2023,NC-17,140 min,Comedies,"Set against a vivid backdrop, this tells a tale of ambition, loss, and reinvention."
s492,Movie,Dark Journey,,"Aarav Garcia, Carlos Khan, Meera Costa, Liam Nguyen",France,"April 27, 2021",2021,TV-MA,135 min,Independent Movies,"A tightly wound story exploring family, betrayal, and the search for belonging."
s333,Movie,Burning Streets,,"Diego Brown, Priya Brown, Grace Sharma",United Kingdom,"February 9, 2020",2009,TV-MA,120 min,Comedies,A heartfelt look at ordinary lives caught in extraordinary circumstances.
s743,TV Show,Distant Echoes,,"Lucas Patel, Carlos Kim, Priya Patel, James Kim, James Fernandez",,"September 5, 2022",2022,TV-14,2 Seasons,"International TV Shows, Anime Series","A tightly wound story exploring family, betrayal, and the search for belonging."
s440,Movie,Lost Symphony,Aiko Costa,,United States,"June 3, 2022",2022,TV-MA,113 min,"Sci-Fi & Fantasy, Thrillers",A suspenseful ride following a group determined to uncover the truth.
s265,Movie,Forgotten Storm,Carlos Tanaka,"Diego Park, Elena Fernandez",,"December 8, 2018",2007,TV-14,119 min,"Documentaries, Action & Adventure, Sci-Fi & Fantasy",A suspenseful ride following a group determined to uncover the truth.
s712,Movie,Burning Echoes,Noah Tanaka,"Meera Rossi, Elena Costa, James Sharma, Priya Nguyen",United States,"June 26, 2016",2016,PG-13,104 min,Documentaries,A heartfelt look at ordinary lives caught in extraordinary circumstances.
s57,Movie,Broken Skyline,,"Liam Fernandez, James Johnson, Aarav Cohen",Australia,"March 21, 2019",2010,PG,167 min,"Romantic Movies, Thrillers, Children & Family Movies",An emotional journey that blends humor and heartbreak in equal measure.
s251,Movie,Distant Promise,,"Grace Khan, Daniel Patel, Priya Brown",Canada,"November 10, 2023",2017,R,146 min,"Documentaries, Comedies, Thrillers","Set against a vivid backdrop, this tells a tale of ambition, loss, and reinvention."
s654,Movie,Hidden Promise,,,India,"March 24, 2023",2018,NC-17,180 min,"Sci-Fi & Fantasy, Children & Family Movies",A suspenseful ride following a group determined to uncover the truth.
s526,Movie,Sacred Promise,Daniel Costa,,Japan,"September 24, 2023",2023,R,147 min,"Comedies, Independent Movies",A heartfelt look at ordinary lives caught in extraordinary circumstances.
s1215,Movie,Shattered River,Amara Johnson,"Elena Rossi, James Cohen, Daniel Kim, Amara Costa, Elena Sharma",,"December 7, 2019",2008,PG-13,76 min,Dramas,"Set against a vivid backdrop, this tells a tale of ambition, loss, and reinvention."
s55,Movie,Dark Storm,Nina Nakamura,"Noah Tanaka, Meera Johnson, Carlos Kim",Germany,"January 21, 2021",2006,NC-17,100 min,"Independent Movies, Dramas, Comedies",A gripping story that follows unexpected turns as characters confront their past.
s629,Movie,Shattered Shadows,Sofia Garcia,"Lucas Sharma, Kenji Khan, James Costa, Diego Rossi",United States,"January 23, 2021",2021,PG-13,103 min,Horror Movies,A gripping story that follows unexpected turns as characters confront their past.
s234,Movie,Last Streets,Aarav Costa,,Brazil,"February 1, 2021",2019,TV-14,95 min,"Sci-Fi & Fantasy, Independent Movies, Horror Movies","Set against a vivid backdrop, this tells a tale of ambition, loss, and reinvention."
s800,Movie,Last Echoes,Sofia Johnson,"Kenji Nguyen, Grace Cohen, Wei Fernandez",south korea,"October 24, 2024",2024,PG-13,95 min,Children & Family Movies,A heartfelt look at ordinary lives caught in extraordinary circumstances.
s85,Movie,Crimson Mirror,Yuki Brown,"Noah Sharma, James Patel",Canada,"September 26, 2023",2023,TV-14,128 min,"Horror Movies, Dramas","Set against a vivid backdrop, this tells a tale of ambition, loss, and reinvention."
s951,Movie,Shattered Empire,Priya Brown,"Sofia Kim, James Dubois, Carlos Johnson",Australia,"August 6, 2018",2008,TV-MA,98 min,Documentaries,A heartfelt look at ordinary lives caught in extraordinary circumstances.
s686,TV Show,Broken Legacy,,"Grace Khan, Meera Nguyen, Fatima Silva",United States,"July 7, 2022",2022,TV-MA,3 Seasons,"International TV Shows, TV Action & Adventure",A suspenseful ride following a group determined to uncover the truth.
s1223,Movie,Quiet Mirror,,"Priya Park, Fatima Costa, Nina Brown, Noah Nguyen",United States,"January 26, 2020",2017,PG,126 min,"Thrillers, Romantic Movies, Dramas",A suspenseful ride following a group determined to uncover the truth.
s1015,Movie,Sacred Whisper,Yuki Silva,"Fatima Patel, Aiko Brown, Noah Silva, Lucas Kim",United States,"July 27, 2016",2016,NC-17,171 min,"Horror Movies, Dramas, Children & Family Movies",A suspenseful ride following a group determined to uncover the truth.
s126,TV Show,Endless Promise,Liam Dubois,,south korea,"August 5, 2023",2023,TV-MA,2 Seasons,"International TV Shows, TV Action & Adventure","A tightly wound story exploring family, betrayal, and the search for belonging."
s720,Movie,Silent Journey,Grace Sharma,"Sofia Dubois, Carlos Rossi, Kenji Müller",United States,"November 1, 2019",2007,PG,131 min,"Dramas, Documentaries","A tightly wound story exploring family, betrayal, and the search for belonging."
s188,Movie,Broken Skyline,James Tanaka,"Lucas Nakamura, Daniel Johnson",United States,"July 7, 2018",2018,R,148 min,"Thrillers, Independent Movies",An emotional journey that blends humor and heartbreak in equal measure.
s562,Movie,Wild Streets,Amara Costa,"Meera Cohen, Sofia Tanaka",Australia,"September 1, 2022",2010,TV-MA,66 min,"Horror Movies, Independent Movies",An emotional journey that blends humor and heartbreak in equal measure.
s578,Movie,Silent Garden,Amara Brown,,United States,"September 5, 2019",2013,TV-MA,158 min,Thrillers,A gripping story that follows unexpected turns as characters confront their past.
s152,TV Show,Broken Harbor,,"Elena Garcia, Wei Khan",United States,"June 22, 2024",2024,TV-MA,2 Seasons,"TV Dramas, Kids' TV",A gripping story that follows unexpected turns as characters confront their past.
s945,TV Show,Sacred River,,"Daniel Fernandez, Sofia Dubois, Kenji Tanaka",Brazil,"December 9, 2023",2019,TV-G,4 Seasons,"Kids' TV, International TV Shows","A tightly wound story exploring family, betrayal, and the search for belonging."
s557,TV Show,Shattered Echoes,,"Daniel Cohen, Kenji Müller",United States,"November 12, 2016",2013,TV-MA,2 Seasons,International TV Shows,"Set against a vivid backdrop, this tells a tale of ambition, loss, and reinvention."
s389,TV Show,Silent Mirror,,"Liam Khan, Wei Sharma",United States,"March 11, 2021",2019,TV-MA,1 Season,"Romantic TV Shows, TV Dramas","Set against a vivid backdrop, this tells a tale of ambition, loss, and reinvention."
s138,Movie,Distant Frontier,James Park,,Canada,"October 12, 2020",2006,R,83 min,"Romantic Movies, Comedies, Sci-Fi & Fantasy",A suspenseful ride following a group determined to uncover the truth.
s1034,Movie,Lost Harbor,Fatima Brown,"Kenji Nguyen, Elena Kim",Australia,"June 21, 2024",2024,PG-13,112 min,Comedies,A gripping story that follows unexpected turns as characters confront their past.
s173,TV Show,Endless Frontier,,"Kenji Johnson, Amara Silva, Carlos Nakamura, Wei Silva, Aiko Brown",united states,"December 1, 2017",2005,TV-14,1 Season,TV Dramas,An emotional journey that blends humor and heartbreak in equal measure.
s827,Movie,Broken Streets,Kenji Rossi,"Wei Nakamura, Diego Müller, Aarav Nguyen, Yuki Nguyen",Australia,"June 2, 2019",2019,PG,105 min,"Action & Adventure, Romantic Movies",A suspenseful ride following a group determined to uncover the truth.
s530,Movie,Wild Horizon,Fatima Costa,"Fatima Brown, Grace Sharma",Japan,"November 27, 2022",2022,TV-14,63 min,Action & Adventure,A gripping story that follows unexpected turns as characters confront their past.
s588,Movie,Last Symphony,Daniel Nguyen,,United States,"December 11, 2020",2006,PG-13,147 min,"Horror Movies, Sci-Fi & Fantasy",A suspenseful ride following a group determined to uncover the truth.
s1114,TV Show,Wild Empire: Files,,,Australia,"September 17, 2019",2005,TV-14,1 Season,"Crime TV Shows, TV Dramas",A gripping story that follows unexpected turns as characters confront their past.
s456,Movie,Distant Legacy,Diego Müller,"Carlos Kim, Elena Patel, Grace Costa, Yuki Patel, Aarav Brown",,"January 18, 2017",2017,TV-MA,146 min,"Romantic Movies, Documentaries",An emotional journey that blends humor and heartbreak in equal measure.
s224,TV Show,Sacred Echoes,,"Elena Johnson, Daniel Brown",india,"March 12, 2016",2006,TV-14,3 Seasons,"Anime Series, Kids' TV, Docuseries",A heartfelt look at ordinary lives caught in extraordinary circumstances.
s709,Movie,Dark Echoes,Lucas Silva,,United States,"April 10, 2024",2021,TV-MA,72 min,"Comedies, Horror Movies",A heartfelt look at ordinary lives caught in extraordinary circumstances.
s967,TV Show,Silent Skyline,,"Noah Sharma, Grace Khan, Meera Cohen, Lucas Sharma, Diego Kim",India,"February 3, 2024",2006,TV-MA,7 Seasons,"International TV Shows, Kids' TV, Reality TV","A tightly wound story exploring family, betrayal, and the search for belonging."
s178,Movie,Burning Promise,,,united states,"October 8, 2021",2021,G,114 min,Sci-Fi & Fantasy,An emotional journey that blends humor and heartbreak in equal measure.
s701,Movie,Sacred Mirror,James Dubois,"Fatima Tanaka, Grace Patel, Lucas Sharma",United Kingdom,"November 9, 2017",2017,TV-14,83 min,"Thrillers, Dramas","Set against a vivid backdrop, this tells a tale of ambition, loss, and reinvention."
s794,Movie,Lost Kingdom,Amara Kim,"Yuki Garcia, Yuki Nakamura, Meera Johnson",France,"April 19, 2021",2021,PG-13,96 min,"Comedies, Dramas",A suspenseful ride following a group determined to uncover the truth.
s846,Movie,Distant Kingdom,Grace Rossi,"Daniel Khan, Diego Müller, Aarav Khan",United States,"February 3, 2016",2015,TV-14,154 min,"Independent Movies, Romantic Movies, Documentaries","A tightly wound story exploring family, betrayal, and the search for belonging."
s375,Movie,Quiet Whisper,Aiko Johnson,"Wei Brown, Elena Nakamura, Daniel Tanaka, Amara Park",,"April 16, 2019",2019,PG-13,159 min,Dramas,An emotional journey that blends humor and heartbreak in equal measure.
s693,Movie,Crimson Garden,Amara Park,"Elena Sharma, Elena Silva, Sofia Nakamura",India,"July 22, 2017",2010,PG-13,94 min,Documentaries,"A tightly wound story exploring family, betrayal, and the search for belonging."
s1187,Movie,Forgotten Storm,Wei Garcia,,United Kingdom,"January 10, 2020",2010,TV-14,94 min,Comedies,An emotional journey that blends humor and heartbreak in equal measure.
s803,Movie,Forgotten Mirror,Yuki Johnson,,Canada,"May 11, 2019",2015,R,147 min,"Action & Adventure, Horror Movies, Dramas",A suspenseful ride following a group determined to uncover the truth.
s577,TV Show,Dark Mirror: Circle,,,Australia,"August 10, 2018",2009,TV-14,1 Season,"Anime Series, Reality TV",An emotional journey that blends humor and heartbreak in equal measure.
s300,TV Show,Lost Frontier,,"Priya Müller, Amara Patel, Lucas Park, Aiko Park, Sofia Nakamura",United States,"July 27, 2017",2017,TV-PG,1 Season,Anime Series,An emotional journey that blends humor and heartbreak in equal measure.
s161,Movie,Crimson Storm,Wei Patel,,Spain,"June 19, 2020",2020,PG-13,120 min,Dramas,A heartfelt look at ordinary lives caught in extraordinary circumstances.
s554,Movie,Hidden Shadows,Aiko Fernandez,,Japan,"October 16, 2020",2012,TV-14,71 min,"Sci-Fi & Fantasy, Dramas, Comedies","A tightly wound story exploring family, betrayal, and the search for belonging."
s957,Movie,Shattered Journey,Meera Nguyen,,United Kingdom,"August 12, 2020",2020,TV-14,103 min,"Independent Movies, Action & Adventure",A heartfelt look at ordinary lives caught in extraordinary circumstances.
s51,Movie,Endless Promise,Nina Garcia,"Aiko Khan, Yuki Garcia, Meera Patel, Amara Costa",Canada,"May 21, 2016",2014,PG-13,79 min,"Horror Movies, Romantic Movies",A gripping story that follows unexpected turns as characters confront their past.
s940,Movie,Endless Kingdom,Nina Rossi,"Nina Park, Aiko Costa, Lucas Sharma, Nina Dubois",Germany,"October 5, 2023",2023,R,160 min,"Dramas, Independent Movies, Romantic Movies",A gripping story that follows unexpected turns as characters confront their past.
s801,TV Show,Lost Frontier,,,Canada,"December 13, 2017",2009,TV-14,4 Seasons,Reality TV,A heartfelt look at ordinary lives caught in extraordinary circumstances.
s33,Movie,Wild River,,,Japan,"August 5, 2019",2019,PG-13,131 min,"Documentaries, Sci-Fi & Fantasy",A suspenseful ride following a group determined to uncover the truth.
s239,TV Show,Endless Promise,,"Priya Garcia, Amara Müller, Diego Silva",Brazil,"December 11, 2021",2021,TV-14,2 Seasons,"Crime TV Shows, TV Comedies, TV Dramas","Set against a vivid backdrop, this tells a tale of ambition, loss, and reinvention."
s721,TV Show,Golden Mirror,,"Yuki Garcia, Nina Brown, Yuki Nguyen, Sofia Nakamura, Aiko Costa",India,"December 19, 2018",2017,TV-14,3 Seasons,"TV Comedies, Reality TV",An emotional journey that blends humor and heartbreak in equal measure.
s355,Movie,Lost Mirror,Noah Kim,"Kenji Müller, Meera Park, Carlos Rossi",Spain,"October 2, 2017",2009,TV-MA,148 min,Independent Movies,An emotional journey that blends humor and heartbreak in equal measure.
s963,Movie,Dark Promise,Elena Patel,"Priya Dubois, Elena Rossi, Aiko Costa",India,"October 8, 2021",2013,R,143 min,"Children & Family Movies, Comedies, Sci-Fi & Fantasy","A tightly wound story exploring family, betrayal, and the search for belonging."
s487,Movie,Golden Legacy,Priya Costa,,,"April 6, 2020",2006,NC-17,158 min,"Action & Adventure, Dramas",A gripping story that follows unexpected turns as characters confront their past.
s1184,Movie,Wild Shadows,Fatima Garcia,,united states,"April 18, 2017",2007,TV-14,169 min,Sci-Fi & Fantasy,A suspenseful ride following a group determined to uncover the truth.
s745,Movie,Hidden Storm,Carlos Cohen,"Meera Sharma, Sofia Garcia, Liam Khan, Nina Garcia, Priya Silva",Spain,"April 10, 2017",2009,TV-MA,163 min,Comedies,A heartfelt look at ordinary lives caught in extraordinary circumstances.
s829,Movie,Golden Legacy,Kenji Brown,,United States,"June 14, 2023",2006,R,60 min,"Romantic Movies, Horror Movies","A tightly wound story exploring family, betrayal, and the search for belonging."
s1008,Movie,Silent Storm,,"James Nguyen, Sofia Johnson",United States,"December 23, 2022",2022,TV-MA,145 min,Children & Family Movies,"A tightly wound story exploring family, betrayal, and the search for belonging."
s876,Movie,Crimson Harbor,,"Sofia Park, Kenji Kim",India,"June 24, 2018",2011,PG-13,77 min,Dramas,"A tightly wound story exploring family, betrayal, and the search for belonging."
s475,Movie,Golden Mirror,,"Lucas Dubois, Lucas Rossi, Meera Garcia, Liam Tanaka",Australia,"May 24, 2024",2024,TV-MA,126 min,"Action & Adventure, Children & Family Movies, Horror Movies",An emotional journey that blends humor and heartbreak in equal measure.
s547,Movie,Quiet Horizon,Yuki Silva,,India,"July 14, 2024",2024,R,104 min,"Thrillers, Sci-Fi & Fantasy, Romantic Movies","Set against a vivid backdrop, this tells a tale of ambition, loss, and reinvention."
s473,Movie,Sacred Mirror,Grace Nakamura,,United Kingdom,"April 19, 2018",2011,PG,91 min,"Children & Family Movies, Horror Movies, Comedies","A tightly wound story exploring family, betrayal, and the search for belonging."
s738,TV Show,Burning Journey,,"Sofia Silva, Sofia Johnson",,"February 16, 2017",2006,TV-MA,2 Seasons,"Anime Series, Romantic TV Shows",A gripping story that follows unexpected turns as characters confront their past.
s569,Movie,Frozen River,Yuki Tanaka,"Yuki Brown, Wei Silva",  Brazil  ,"April 23, 2024",2013,NC-17,97 min,"Romantic Movies, Independent Movies",A suspenseful ride following a group determined to uncover the truth.
s536,TV Show,Distant Kingdom,Wei Nakamura,"Kenji Nguyen, Elena Brown",,"April 19, 2023",2023,TV-PG,1 Season,"TV Action & Adventure, Crime TV Shows",A gripping story that follows unexpected turns as characters confront their past.
s810,TV Show,Shattered Garden: Diaries,Noah Nakamura,,Australia,"November 16, 2024",2024,TV-MA,2 Seasons,TV Comedies,A suspenseful ride following a group determined to uncover the truth.
s903,Movie,Wild Shadows,Wei Silva,"Fatima Johnson, Nina Silva, Kenji Nakamura, Yuki Costa, Sofia Tanaka",United States,"January 11, 2018",2018,PG-13,90 min,Comedies,An emotional journey that blends humor and heartbreak in equal measure.
s818,Movie,Quiet Mirror,Nina Nakamura,"James Johnson, Nina Khan, Noah Johnson",Canada,"February 4, 2020",2014,TV-MA,129 min,"Sci-Fi & Fantasy, Documentaries",A gripping story that follows unexpected turns as characters confront their past.
s680,TV Show,Forgotten Echoes: Diaries,,"Meera Park, Noah Brown, Sofia Kim, Diego Patel",Australia,"July 1, 2019",2017,TV-PG,2 Seasons,"International TV Shows, Reality TV",An emotional journey that blends humor and heartbreak in equal measure.
s1210,TV Show,Lost Journey,,,United States,"December 25, 2022",2006,TV-14,3 Seasons,"International TV Shows, Docuseries, TV Comedies","Set against a vivid backdrop, this tells a tale of ambition, loss, and reinvention."
s309,Movie,Forgotten Kingdom,Noah Garcia,"Daniel Brown, Diego Khan, Wei Silva",United States,"May 12, 2014",2008,PG,160 min,"Comedies, Romantic Movies",A heartfelt look at ordinary lives caught in extraordinary circumstances.
s600,Movie,Endless Empire,Aiko Patel,"Fatima Sharma, Aarav Cohen, Nina Johnson",India,"November 22, 2017",2017,TV-14,119 min,"Horror Movies, Documentaries",An emotional journey that blends humor and heartbreak in equal measure.
s899,Movie,Burning Empire,Aarav Silva,,United Kingdom,"March 27, 2018",2014,TV-MA,153 min,"Thrillers, Children & Family Movies, Romantic Movies","A tightly wound story exploring family, betrayal, and the search for belonging."
s886,Movie,Golden Storm,Carlos Kim,"Yuki Costa, Meera Khan, Amara Tanaka, Sofia Khan",Germany,"June 14, 2018",2018,TV-14,110 min,"Comedies, Sci-Fi & Fantasy",A gripping story that follows unexpected turns as characters confront their past.
s434,TV Show,Crimson Garden,,"Aarav Brown, Elena Patel",Canada,"October 7, 2019",2012,TV-MA,2 Seasons,Reality TV,An emotional journey that blends humor and heartbreak in equal measure.
s1235,TV Show,Golden Horizon,,"Amara Fernandez, James Müller, Amara Silva, Grace Johnson",India,"May 5, 2018",2005,TV-PG,1 Season,"Docuseries, Anime Series, TV Comedies",An emotional journey that blends humor and heartbreak in equal measure.
s969,Movie,Shattered Journey,Aarav Müller,"Noah Costa, Grace Brown, Grace Fernandez, James Sharma",Japan,"November 14, 2017",2017,R,79 min,Sci-Fi & Fantasy,A gripping story that follows unexpected turns as characters confront their past.
s995,Movie,Crimson Skyline,Noah Fernandez,"Liam Tanaka, James Cohen, James Johnson",United States,"January 5, 2023",2012,PG-13,109 min,Independent Movies,An emotional journey that blends humor and heartbreak in equal measure.
s867,Movie,Golden Empire,Aarav Cohen,,India,"February 9, 2018",2018,PG-13,111 min,"Thrillers, Romantic Movies","A tightly wound story exploring family, betrayal, and the search for belonging."
s493,Movie,Shattered Frontier,Grace Silva,"Daniel Brown, Lucas Silva, Kenji Sharma",Mexico,"December 20, 2017",2005,R,118 min,"Horror Movies, Children & Family Movies, Documentaries","A tightly wound story exploring family, betrayal, and the search for belonging."
s386,Movie,Sacred Shadows,Sofia Nguyen,"Nina Müller, Noah Tanaka",United Kingdom,"November 17, 2024",2013,TV-MA,103 min,Children & Family Movies,"A tightly wound story exploring family, betrayal, and the search for belonging."
s282,Movie,Silent Storm,Amara Cohen,"Aiko Johnson, Amara Park, Yuki Khan, Liam Khan",France,"October 24, 2024",2007,R,159 min,Comedies,"A tightly wound story exploring family, betrayal, and the search for belonging."
s1120,Movie,Quiet Harbor,Carlos Dubois,"Liam Cohen, Lucas Cohen",,"September 24, 2018",2015,TV-MA,114 min,Horror Movies,An emotional journey that blends humor and heartbreak in equal measure.
s484,Movie,Endless Journey,Grace Sharma,"Elena Costa, Elena Silva, Liam Garcia",France,"January 23, 2023",2013,TV-14,173 min,"Horror Movies, Romantic Movies",A gripping story that follows unexpected turns as characters confront their past.
s283,Movie,Forgotten Storm,,"Elena Silva, Yuki Patel, Diego Patel, Grace Rossi, Grace Brown",India,"October 3, 2016",2008,R,77 min,Action & Adventure,"Set against a vivid backdrop, this tells a tale of ambition, loss, and reinvention."
s438,TV Show,Golden Empire,,"Aiko Tanaka, James Garcia",Canada,"August 24, 2024",2018,TV-MA,1 Season,Anime Series,A heartfelt look at ordinary lives caught in extraordinary circumstances.
s605,Movie,Forgotten Mirror,,"Yuki Tanaka, Grace Dubois, Sofia Garcia",India,"May 9, 2021",2019,TV-MA,145 min,"Independent Movies, Action & Adventure","Set against a vivid backdrop, this tells a tale of ambition, loss, and reinvention."
s549,Movie,Distant Streets,Wei Kim,"Daniel Rossi, Wei Müller, Aiko Fernandez",Mexico,"June 18, 2021",2013,PG-13,66 min,"Sci-Fi & Fantasy, Horror Movies","A tightly wound story exploring family, betrayal, and the search for belonging."
s608,Movie,Forgotten Legacy,Fatima Cohen,,India,"July 2, 2022",2022,R,164 min,"Romantic Movies, Action & Adventure, Sci-Fi & Fantasy",A suspenseful ride following a group determined to uncover the truth.
s930,TV Show,Shattered Streets: Case,,"Sofia Park, Diego Park, Meera Garcia",France,"September 18, 2022",2008,TV-PG,2 Seasons,TV Action & Adventure,A gripping story that follows unexpected turns as characters confront their past.
s753,Movie,Silent Frontier,Meera Johnson,,United States,"January 16, 2022",2021,R,162 min,"Sci-Fi & Fantasy, Children & Family Movies",An emotional journey that blends humor and heartbreak in equal measure.
s823,TV Show,Endless Legacy,Amara Kim,"Sofia Nguyen, Priya Sharma, Elena Khan",United Kingdom,"July 20, 2021",2021,TV-MA,5 Seasons,TV Comedies,"Set against a vivid backdrop, this tells a tale of ambition, loss, and reinvention."
s1211,Movie,Hidden Mirror,Kenji Patel,"Meera Nakamura, Yuki Brown, Aiko Silva, Yuki Sharma, Noah Brown",Brazil,"January 11, 2016",2014,R,142 min,"Children & Family Movies, Documentaries",An emotional journey that blends humor and heartbreak in equal measure.
s1188,Movie,Silent Harbor,Nina Nakamura,"Priya Patel, Priya Garcia",United Kingdom,"October 26, 2020",2020,TV-MA,96 min,Action & Adventure,A gripping story that follows unexpected turns as characters confront their past.
s931,Movie,Silent Whisper,Yuki Rossi,,South Korea,"March 19, 2019",2016,TV-MA,138 min,"Dramas, Documentaries",A suspenseful ride following a group determined to uncover the truth.
s122,TV Show,Lost Mirror,,"Fatima Cohen, Aarav Nakamura, Sofia Brown",United States,"March 21, 2020",2020,TV-MA,1 Season,"Docuseries, Reality TV, TV Dramas",A heartfelt look at ordinary lives caught in extraordinary circumstances.
s1027,TV Show,Sacred Mirror,,"Daniel Silva, Yuki Sharma, Yuki Park, Sofia Costa",Canada,"February 9, 2018",2016,TV-14,5 Seasons,TV Action & Adventure,An emotional journey that blends humor and heartbreak in equal measure.
s17,Movie,Broken Garden,,,  United States  ,"March 15, 2023",2008,TV-MA,177 min,Independent Movies,A gripping story that follows unexpected turns as characters confront their past.
s681,Movie,Silent Streets,,"Carlos Nguyen, Wei Costa, Aiko Kim, Kenji Garcia, Grace Park",India,"November 14, 2024",2011,TV-MA,170 min,"Romantic Movies, Sci-Fi & Fantasy, Independent Movies","A tightly wound story exploring family, betrayal, and the search for belonging."
s1135,TV Show,Quiet Legacy: Circle,,"Meera Silva, Liam Nakamura, Amara Fernandez",Germany,"September 3, 2023",2023,TV-14,2 Seasons,Anime Series,A gripping story that follows unexpected turns as characters confront their past.
s985,TV Show,Burning Storm,,"Yuki Silva, Amara Garcia",United States,"November 3, 2017",2017,TV-MA,3 Seasons,"International TV Shows, Romantic TV Shows",A heartfelt look at ordinary lives caught in extraordinary circumstances.
s656,Movie,Wild Garden,Daniel Garcia,"Grace Park, Aiko Patel",Canada,"August 20, 2020",2015,PG-13,165 min,"Comedies, Romantic Movies, Sci-Fi & Fantasy",A gripping story that follows unexpected turns as characters confront their past.
s294,Movie,Sacred River,Meera Tanaka,,United States,"November 1, 2024",2024,TV-MA,76 min,Horror Movies,An emotional journey that blends humor and heartbreak in equal measure.
s645,TV Show,Last Journey,,,United States,"March 11, 2023",2006,TV-Y7,2 Seasons,Anime Series,A heartfelt look at ordinary lives caught in extraordinary circumstances.
s1028,Movie,Shattered Frontier,Priya Nakamura,"Grace Silva, Liam Nguyen, Nina Sharma",United States,"September 4, 2022",2022,TV-MA,63 min,"Thrillers, Comedies",A suspenseful ride following a group determined to uncover the truth.
s107,Movie,Sacred Symphony,Daniel Tanaka,,,"May 21, 2021",2017,PG-13,169 min,Romantic Movies,A gripping story that follows unexpected turns as characters confront their past.
s24,TV Show,Forgotten Skyline,,"Aarav Rossi, Meera Sharma, Aarav Brown",Spain,"November 12, 2023",2023,TV-Y,3 Seasons,"Kids' TV, International TV Shows, Anime Series",An emotional journey that blends humor and heartbreak in equal measure.
s70,Movie,Wild Legacy,,,Australia,"July 5, 2024",2024,R,81 min,Comedies,"A tightly wound story exploring family, betrayal, and the search for belonging."
s1233,Movie,Quiet Symphony,Kenji Rossi,,Canada,"February 3, 2021",2019,R,141 min,Children & Family Movies,"Set against a vivid backdrop, this tells a tale of ambition, loss, and reinvention."
s953,Movie,Endless Skyline,Liam Dubois,"Wei Rossi, Priya Dubois, Lucas Park",,"November 18, 2018",2018,PG-13,151 min,Dramas,"A tightly wound story exploring family, betrayal, and the search for belonging."
s1237,Movie,Frozen Symphony,,,France,"October 10, 2022",2010,TV-14,117 min,Thrillers,An emotional journey that blends humor and heartbreak in equal measure.
s798,TV Show,Silent Echoes,,"Amara Dubois, Sofia Nakamura, Lucas Nakamura, Noah Park",Brazil,"March 19, 2020",2020,TV-Y,1 Season,Crime TV Shows,"Set against a vivid backdrop, this tells a tale of ambition, loss, and reinvention."
s104,Movie,Lost River,Meera Dubois,"Wei Rossi, Amara Patel, Priya Costa, Daniel Costa, Amara Patel",United States,"November 9, 2024",2024,PG,137 min,"Thrillers, Action & Adventure","Set against a vivid backdrop, this tells a tale of ambition, loss, and reinvention."
s556,Movie,Hidden Empire,Daniel Tanaka,"Wei Costa, Sofia Park, Yuki Kim, Kenji Patel",United States,"April 17, 2020",2020,PG-13,120 min,"Sci-Fi & Fantasy, Comedies",A gripping story that follows unexpected turns as characters confront their past.
s1082,Movie,Lost Promise,Daniel Nakamura,"Meera Fernandez, Yuki Tanaka, Meera Brown, Lucas Kim",United States,"November 4, 2019",2010,R,140 min,"Action & Adventure, Thrillers, Documentaries",A heartfelt look at ordinary lives caught in extraordinary circumstances.
s1134,Movie,Last Promise,Kenji Nakamura,"Aarav Rossi, Amara Brown",United States,"March 23, 2020",2005,TV-MA,66 min,Independent Movies,"Set against a vivid backdrop, this tells a tale of ambition, loss, and reinvention."
s786,Movie,Lost Legacy,,"Aiko Garcia, Priya Khan",United Kingdom,"July 16, 2023",2014,R,122 min,"Dramas, Sci-Fi & Fantasy",A gripping story that follows unexpected turns as characters confront their past.
s1194,Movie,Last Garden,Daniel Costa,"Amara Costa, Elena Kim, James Johnson",United Kingdom,"August 17, 2018",2018,G,110 min,"Independent Movies, Thrillers",A gripping story that follows unexpected turns as characters confront their past.
s75,TV Show,Distant Journey: Chronicles,,,,"October 2, 2023",2014,TV-14,1 Season,International TV Shows,"A tightly wound story exploring family, betrayal, and the search for belonging."
s508,TV Show,Last Skyline: Chronicles,,"Sofia Sharma, Amara Dubois, Noah Kim",united states,"October 20, 2021",2019,TV-14,6 Seasons,Crime TV Shows,A heartfelt look at ordinary lives caught in extraordinary circumstances.
s1147,Movie,Shattered Empire,Wei Garcia,"Lucas Müller, Priya Dubois",United States,"September 7, 2018",2013,TV-14,132 min,"Independent Movies, Documentaries",A suspenseful ride following a group determined to uncover the truth.
s219,TV Show,Silent Garden,,"Wei Khan, Fatima Brown",,"April 24, 2020",2020,TV-MA,4 Seasons,"Kids' TV, International TV Shows",A heartfelt look at ordinary lives caught in extraordinary circumstances.
s1123,Movie,Wild Legacy,Yuki Johnson,"Grace Müller, Diego Johnson, Aarav Dubois",,"July 6, 2020",2020,PG-13,113 min,Dramas,"Set against a vivid backdrop, this tells a tale of ambition, loss, and reinvention."
s822,Movie,Hidden Promise,Grace Fernandez,,Australia,"August 17, 2022",2022,PG,111 min,"Sci-Fi & Fantasy, Children & Family Movies","A tightly wound story exploring family, betrayal, and the search for belonging."
s266,Movie,Distant Streets,,"Diego Sharma, Liam Park",Canada,"August 4, 2022",2012,R,94 min,"Children & Family Movies, Documentaries","A tightly wound story exploring family, betrayal, and the search for belonging."
s673,Movie,Shattered Garden,Fatima Müller,"Amara Dubois, James Nguyen, Kenji Silva, Fatima Müller",United Kingdom,"May 23, 2017",2005,TV-14,102 min,"Romantic Movies, Horror Movies, Action & Adventure",A gripping story that follows unexpected turns as characters confront their past.
s972,TV Show,Endless Legacy,,"Daniel Brown, Amara Nakamura",Brazil,"July 15, 2019",2012,TV-14,2 Seasons,"Crime TV Shows, TV Comedies",A heartfelt look at ordinary lives caught in extraordinary circumstances.
s435,Movie,Forgotten Journey,Diego Costa,,United States,"May 12, 2023",2023,PG-13,95 min,Comedies,A heartfelt look at ordinary lives caught in extraordinary circumstances.
s111,Movie,Hidden Journey,Priya Patel,"Fatima Tanaka, Aarav Nguyen, Liam Kim, Aiko Khan",United States,"February 21, 2018",2008,R,155 min,"Romantic Movies, Independent Movies",A heartfelt look at ordinary lives caught in extraordinary circumstances.
s811,Movie,Golden Garden,Nina Dubois,"Sofia Silva, Noah Fernandez",  United States  ,"May 7, 2020",2019,PG-13,150 min,"Documentaries, Sci-Fi & Fantasy, Romantic Movies",A heartfelt look at ordinary lives caught in extraordinary circumstances.
s41,Movie,Endless Harbor,,,Italy,"March 22, 2016",2016,TV-MA,61 min,Action & Adventure,An emotional journey that blends humor and heartbreak in equal measure.
s791,TV Show,Sacred Journey,Diego Dubois,"Kenji Müller, Lucas Silva, Wei Khan, Meera Kim",Canada,"July 1, 2023",2015,TV-MA,1 Season,"Kids' TV, International TV Shows, TV Dramas","Set against a vivid backdrop, this tells a tale of ambition, loss, and reinvention."
s277,TV Show,Forgotten Symphony,,"Aarav Tanaka, Yuki Garcia, Aiko Brown, Elena Brown",Japan,"June 13, 2024",2024,TV-MA,1 Season,TV Action & Adventure,A heartfelt look at ordinary lives caught in extraordinary circumstances.
s340,Movie,Shattered Storm,Grace Rossi,"Yuki Johnson, Meera Costa, Liam Nguyen, Lucas Khan",United States,"November 17, 2023",2023,TV-14,150 min,"Sci-Fi & Fantasy, Children & Family Movies",A heartfelt look at ordinary lives caught in extraordinary circumstances.
s498,Movie,Hidden Journey,Wei Costa,"Elena Dubois, Carlos Silva, Sofia Costa, Aarav Khan",United Kingdom,"August 24, 2024",2015,PG,67 min,"Sci-Fi & Fantasy, Thrillers",A suspenseful ride following a group determined to uncover the truth.
s1021,Movie,Dark Storm,Elena Johnson,,United States,"December 12, 2018",2006,TV-14,162 min,Independent Movies,A gripping story that follows unexpected turns as characters confront their past.
s186,Movie,Hidden Storm,,"Grace Brown, Fatima Nakamura, Kenji Park",Japan,"May 1, 2022",2009,PG-13,97 min,"Action & Adventure, Children & Family Movies",A gripping story that follows unexpected turns as characters confront their past.
s809,Movie,Wild Kingdom,Kenji Park,"Kenji Fernandez, Sofia Dubois, Aiko Patel, Fatima Johnson",Canada,"August 14, 2018",2014,PG-13,65 min,"Horror Movies, Sci-Fi & Fantasy","Set against a vivid backdrop, this tells a tale of ambition, loss, and reinvention."
s676,TV Show,Dark Streets,,"Carlos Tanaka, Noah Costa, Carlos Dubois",United States,"March 4, 2021",2008,TV-14,5 Seasons,"Kids' TV, TV Action & Adventure",An emotional journey that blends humor and heartbreak in equal measure.
s917,Movie,Hidden Whisper,Wei Cohen,"James Kim, Sofia Johnson",United States,"July 22, 2020",2016,TV-14,68 min,"Thrillers, Horror Movies",A gripping story that follows unexpected turns as characters confront their past.
s62,Movie,Wild Storm,Daniel Tanaka,"Daniel Nguyen, Kenji Brown, Meera Kim",India,"January 20, 2020",2012,TV-MA,90 min,Horror Movies,A heartfelt look at ordinary lives caught in extraordinary circumstances.
s579,Movie,Golden Harbor,Elena Nguyen,,united states,"November 22, 2015",2015,R,117 min,"Independent Movies, Children & Family Movies, Thrillers",A gripping story that follows unexpected turns as characters confront their past.
s727,TV Show,Forgotten Echoes,,,United States,"February 21, 2019",2018,TV-MA,2 Seasons,"Docuseries, Reality TV, TV Comedies","Set against a vivid backdrop, this tells a tale of ambition, loss, and reinvention."
s388,Movie,Forgotten Kingdom,Meera Tanaka,,United States,"August 1, 2024",2010,R,165 min,Children & Family Movies,"A tightly wound story exploring family, betrayal, and the search for belonging."
s1022,Movie,Frozen Whisper,Elena Johnson,"Yuki Costa, Liam Tanaka",South Korea,"June 26, 2022",2017,PG,132 min,"Children & Family Movies, Sci-Fi & Fantasy",A gripping story that follows unexpected turns as characters confront their past.
s1142,TV Show,Dark Harbor,,"Carlos Garcia, Kenji Costa",United States,"October 6, 2016",2008,TV-14,2 Seasons,"Romantic TV Shows, TV Action & Adventure",An emotional journey that blends humor and heartbreak in equal measure.
s252,Movie,Forgotten Shadows,Diego Rossi,"Meera Cohen, Aiko Park, Yuki Sharma",Italy,"October 4, 2024",2018,NC-17,90 min,"Documentaries, Independent Movies",A gripping story that follows unexpected turns as characters confront their past.
s1093,Movie,Silent Harbor,,,Germany,"January 5, 2021",2006,PG-13,73 min,"Sci-Fi & Fantasy, Romantic Movies",An emotional journey that blends humor and heartbreak in equal measure.
s894,Movie,Lost Horizon,,"Priya Costa, Lucas Silva",Italy,"July 17, 2018",2014,TV-MA,118 min,Romantic Movies,"Set against a vivid backdrop, this tells a tale of ambition, loss, and reinvention."
s308,Movie,Burning Mirror,,,Japan,"December 6, 2024",2017,PG-13,148 min,"Horror Movies, Dramas",A suspenseful ride following a group determined to uncover the truth.
s194,TV Show,Endless Storm: Circle,,"Liam Johnson, Meera Silva, Yuki Müller, Meera Tanaka",Australia,"June 27, 2024",2018,TV-MA,1 Season,TV Action & Adventure,"Set against a vivid backdrop, this tells a tale of ambition, loss, and reinvention."
s503,TV Show,Distant Storm,,"Elena Fernandez, Kenji Müller",Brazil,"October 16, 2019",2015,TV-MA,2 Seasons,"Docuseries, Romantic TV Shows",A suspenseful ride following a group determined to uncover the truth.
s34,Movie,Shattered River,,"James Sharma, Aiko Sharma, Grace Nguyen, James Dubois",France,"December 7, 2019",2007,PG-13,136 min,Romantic Movies,A gripping story that follows unexpected turns as characters confront their past.
s1212,TV Show,Distant Skyline,Liam Brown,"Liam Dubois, Kenji Dubois, Wei Kim",Brazil,"October 13, 2020",2008,TV-14,1 Season,TV Action & Adventure,A suspenseful ride following a group determined to uncover the truth.
s58,Movie,Frozen Storm,,"Daniel Nakamura, Kenji Silva, Wei Nakamura, Elena Silva",South Korea,"June 18, 2022",2008,TV-14,136 min,Action & Adventure,An emotional journey that blends humor and heartbreak in equal measure.
s714,TV Show,Shattered Journey: Files,,"Carlos Sharma, Amara Khan, Meera Sharma",India,"July 12, 2018",2014,TV-PG,3 Seasons,"TV Comedies, Anime Series",A suspenseful ride following a group determined to uncover the truth.
s359,Movie,Frozen Harbor,Carlos Cohen,,United Kingdom,"November 22, 2021",2017,TV-MA,100 min,"Thrillers, Romantic Movies, Dramas",A gripping story that follows unexpected turns as characters confront their past.
s46,Movie,Golden Frontier,,"Meera Kim, Aiko Fernandez, Diego Park, Sofia Garcia",Australia,"April 24, 2021",2017,PG-13,101 min,Documentaries,A suspenseful ride following a group determined to uncover the truth.
s994,Movie,Crimson Echoes,,,Spain,"August 6, 2019",2005,R,79 min,"Children & Family Movies, Dramas, Action & Adventure","Set against a vivid backdrop, this tells a tale of ambition, loss, and reinvention."
s910,TV Show,Lost Harbor,,"Aiko Khan, Wei Park, Kenji Patel, Carlos Park",United States,"March 11, 2019",2019,TV-PG,4 Seasons,"Anime Series, Crime TV Shows, TV Dramas",An emotional journey that blends humor and heartbreak in equal measure.
s630,TV Show,Quiet Skyline,,,France,"September 15, 2024",2008,TV-MA,3 Seasons,Anime Series,A suspenseful ride following a group determined to uncover the truth.
s69,TV Show,Hidden Horizon,,"Yuki Silva, Kenji Dubois, Daniel Dubois, Meera Patel, Amara Sharma",United States,"January 11, 2023",2023,TV-Y7,1 Season,Crime TV Shows,A gripping story that follows unexpected turns as characters confront their past.
s319,Movie,Distant Garden,,"Grace Müller, Priya Johnson",United States,"February 23, 2020",2007,PG-13,180 min,"Romantic Movies, Horror Movies","A tightly wound story exploring family, betrayal, and the search for belonging."
s292,Movie,Silent Promise,Amara Brown,"James Silva, Aarav Brown",France,"July 19, 2019",2010,TV-MA,163 min,"Children & Family Movies, Action & Adventure",A gripping story that follows unexpected turns as characters confront their past.
s47,Movie,Broken Skyline,Sofia Sharma,,Canada,"August 6, 2020",2005,TV-14,168 min,"Romantic Movies, Sci-Fi & Fantasy",A suspenseful ride following a group determined to uncover the truth.
s278,Movie,Broken Garden,Daniel Cohen,"Noah Brown, Aiko Patel, Amara Brown",india,"July 3, 2019",2018,TV-14,155 min,"Thrillers, Action & Adventure",An emotional journey that blends humor and heartbreak in equal measure.
s1171,Movie,Golden Legacy,Yuki Fernandez,,United States,"July 18, 2017",2014,R,137 min,Dramas,A gripping story that follows unexpected turns as characters confront their past.
s298,Movie,Lost Legacy,Kenji Rossi,"Fatima Patel, Fatima Rossi",France,"August 24, 2016",2015,NC-17,108 min,Comedies,A suspenseful ride following a group determined to uncover the truth.
s225,TV Show,Crimson Shadows,,,France,"December 12, 2018",2007,TV-MA,4 Seasons,"TV Dramas, TV Action & Adventure",A suspenseful ride following a group determined to uncover the truth.
s664,Movie,Frozen Echoes,,,United States,"April 6, 2024",2024,TV-MA,90 min,"Sci-Fi & Fantasy, Children & Family Movies, Action & Adventure",A gripping story that follows unexpected turns as characters confront their past.
s835,Movie,Shattered River,Liam Silva,"Elena Kim, Carlos Cohen, Priya Garcia",United States,"March 11, 2019",2008,R,161 min,"Documentaries, Independent Movies",A heartfelt look at ordinary lives caught in extraordinary circumstances.
s365,Movie,Last Promise,Elena Costa,"Sofia Nguyen, Kenji Tanaka, Grace Müller, Liam Tanaka, Elena Khan",Spain,"September 3, 2023",2021,TV-MA,92 min,"Comedies, Action & Adventure","A tightly wound story exploring family, betrayal, and the search for belonging."
s1115,Movie,Last Empire,Aarav Costa,"Lucas Tanaka, Daniel Fernandez",United States,"November 17, 2023",2007,R,178 min,"Dramas, Independent Movies",A suspenseful ride following a group determined to uncover the truth.
s367,Movie,Endless Horizon,Aarav Dubois,"Diego Costa, Aiko Nguyen, Sofia Garcia",India,"June 21, 2016",2011,R,134 min,Documentaries,A gripping story that follows unexpected turns as characters confront their past.
s1,Movie,Golden Frontier,Sofia Nakamura,"Liam Kim, Daniel Cohen, Yuki Garcia, Fatima Garcia, Amara Cohen",United States,"August 16, 2023",2023,PG-13,153 min,Comedies,A heartfelt look at ordinary lives caught in extraordinary circumstances.
s67,Movie,Endless Mirror,Grace Silva,"Wei Nguyen, Sofia Garcia",India,"February 1, 2023",2023,PG-13,114 min,"Independent Movies, Action & Adventure, Documentaries",An emotional journey that blends humor and heartbreak in equal measure.
s1242,Movie,Lost Legacy,James Rossi,"Meera Dubois, Lucas Brown",  United States  ,"April 26, 2017",2017,PG-13,109 min,Documentaries,A gripping story that follows unexpected turns as characters confront their past.
s32,Movie,Shattered Skyline,Amara Johnson,,  Germany  ,"January 9, 2017",2008,PG,170 min,"Horror Movies, Sci-Fi & Fantasy",A suspenseful ride following a group determined to uncover the truth.
s1206,TV Show,Sacred Storm: Tapes,,"Diego Kim, Aiko Müller, Fatima Patel, Fatima Tanaka, Aiko Müller",,"June 15, 2017",2006,TV-MA,4 Seasons,"Reality TV, TV Dramas",A gripping story that follows unexpected turns as characters confront their past.
s868,Movie,Crimson Frontier,,,United Kingdom,"March 24, 2018",2010,TV-MA,78 min,Documentaries,An emotional journey that blends humor and heartbreak in equal measure.
s295,Movie,Silent Kingdom,,"Diego Rossi, Daniel Nguyen, Priya Müller, Meera Patel",,"May 10, 2023",2023,R,103 min,"Action & Adventure, Comedies, Thrillers","A tightly wound story exploring family, betrayal, and the search for belonging."
s1045,Movie,Silent Symphony,Nina Patel,"Aarav Rossi, Noah Nguyen, Daniel Nguyen, James Garcia, Amara Cohen",India,"July 15, 2016",2009,G,180 min,"Thrillers, Action & Adventure",An emotional journey that blends humor and heartbreak in equal measure.
s114,Movie,Lost Storm,Meera Johnson,"Sofia Rossi, Liam Nakamura, Yuki Rossi",Australia,"February 26, 2020",2020,PG,93 min,"Comedies, Action & Adventure","A tightly wound story exploring family, betrayal, and the search for belonging."
s246,Movie,Endless Journey,,"Fatima Dubois, Aarav Patel, Diego Patel",United States,"October 27, 2023",2023,TV-MA,73 min,"Dramas, Sci-Fi & Fantasy",A gripping story that follows unexpected turns as characters confront their past.
s416,Movie,Lost Garden,,"Noah Rossi, Amara Sharma, Daniel Costa",United Kingdom,"February 24, 2019",2007,R,157 min,"Comedies, Dramas, Romantic Movies",A suspenseful ride following a group determined to uncover the truth.
s162,Movie,Burning Journey,Nina Brown,,South Korea,"June 9, 2018",2009,PG-13,120 min,Horror Movies,A suspenseful ride following a group determined to uncover the truth.
s412,TV Show,Burning Promise: Circle,Amara Nguyen,"Nina Costa, Priya Patel, Liam Cohen, Daniel Cohen, Sofia Brown",Germany,"February 13, 2022",2012,TV-14,3 Seasons,"TV Comedies, Anime Series",A heartfelt look at ordinary lives caught in extraordinary circumstances.
s1185,Movie,Crimson Garden,Fatima Nguyen,"Wei Kim, Grace Nakamura, Yuki Khan, Yuki Nguyen, Kenji Sharma",United States,"November 4, 2021",2021,R,164 min,"Action & Adventure, Dramas, Sci-Fi & Fantasy","A tightly wound story exploring family, betrayal, and the search for belonging."
s816,Movie,Sacred Journey,Elena Khan,"Yuki Park, Elena Nguyen, Wei Sharma, Yuki Silva",Germany,"May 12, 2021",2011,PG-13,150 min,Comedies,A gripping story that follows unexpected turns as characters confront their past.
s874,Movie,Quiet Whisper,,"Fatima Garcia, Grace Brown",Nigeria,"January 7, 2020",2020,R,64 min,"Documentaries, Romantic Movies",A suspenseful ride following a group determined to uncover the truth.
s1181,Movie,Sacred Garden,Daniel Patel,"Grace Nakamura, Fatima Tanaka, James Nguyen",Spain,"March 5, 2022",2007,PG-13,93 min,Comedies,"A tightly wound story exploring family, betrayal, and the search for belonging."
s1024,TV Show,Last Promise: Case,,"Yuki Silva, Meera Costa, Carlos Brown",Japan,"August 14, 2021",2021,TV-14,5 Seasons,Crime TV Shows,An emotional journey that blends humor and heartbreak in equal measure.
s248,Movie,Burning Harbor,Fatima Brown,"Liam Müller, Daniel Patel, Carlos Nguyen",United Kingdom,"August 20, 2019",2018,R,151 min,Thrillers,A gripping story that follows unexpected turns as characters confront their past.
s1174,TV Show,Silent Symphony: Circle,Fatima Fernandez,"Sofia Brown, Diego Silva, Yuki Sharma, Carlos Nguyen",France,"July 27, 2023",2018,TV-MA,3 Seasons,Reality TV,"Set against a vivid backdrop, this tells a tale of ambition, loss, and reinvention."
s1162,Movie,Broken River,,"Wei Müller, Aarav Tanaka, Priya Rossi, Meera Costa, Aarav Dubois",United States,"October 2, 2021",2021,R,133 min,"Documentaries, Comedies, Action & Adventure",An emotional journey that blends humor and heartbreak in equal measure.
s93,Movie,Broken Journey,,"Aarav Silva, Noah Nguyen, Lucas Patel, Elena Nguyen, Priya Cohen",,"April 16, 2022",2012,NC-17,151 min,"Action & Adventure, Horror Movies",A heartfelt look at ordinary lives caught in extraordinary circumstances.
s382,TV Show,Lost Horizon,,"Liam Nakamura, Sofia Nakamura",India,"September 14, 2023",2007,TV-14,1 Season,"International TV Shows, TV Dramas",A gripping story that follows unexpected turns as characters confront their past.
s115,Movie,Dark Streets,Kenji Park,"Aarav Brown, Elena Silva, Priya Cohen, Meera Cohen",Brazil,"November 23, 2015",2011,TV-14,105 min,"Action & Adventure, Dramas","Set against a vivid backdrop, this tells a tale of ambition, loss, and reinvention."
s842,Movie,Endless Shadows,,,Japan,"February 13, 2021",2010,PG-13,116 min,Action & Adventure,A gripping story that follows unexpected turns as characters confront their past.
s255,TV Show,Dark Echoes,,"Lucas Nakamura, Kenji Costa, Liam Cohen, Daniel Rossi, Lucas Fernandez",Japan,"October 7, 2020",2006,TV-Y7,3 Seasons,"Reality TV, International TV Shows, TV Comedies","Set against a vivid backdrop, this tells a tale of ambition, loss, and reinvention."
s430,Movie,Silent Kingdom,,"James Kim, Priya Cohen, Wei Brown",United States,"February 21, 2018",2006,R,138 min,Documentaries,A suspenseful ride following a group determined to uncover the truth.
s589,Movie,Quiet Promise,Aiko Silva,,India,"November 8, 2017",2006,R,175 min,Dramas,A gripping story that follows unexpected turns as characters confront their past.
s179,Movie,Silent Streets,,"Kenji Cohen, Aarav Silva",Australia,"November 23, 2024",2009,R,89 min,"Comedies, Sci-Fi & Fantasy",A suspenseful ride following a group determined to uncover the truth.
s907,Movie,Crimson Echoes,,"James Nakamura, Liam Sharma, Wei Silva",United States,"January 3, 2022",2018,G,142 min,Children & Family Movies,A suspenseful ride following a group determined to uncover the truth.
s390,Movie,Frozen Horizon,Sofia Patel,,Mexico,"January 25, 2020",2020,TV-MA,119 min,"Thrillers, Dramas","Set against a vivid backdrop, this tells a tale of ambition, loss, and reinvention."
s133,Movie,Silent Horizon,James Müller,,United Kingdom,"November 1, 2022",2013,PG-13,60 min,"Children & Family Movies, Dramas","A tightly wound story exploring family, betrayal, and the search for belonging."
s892,TV Show,Wild Storm,,"Grace Nguyen, Yuki Cohen",India,"August 5, 2019",2019,TV-MA,1 Season,"TV Action & Adventure, International TV Shows",An emotional journey that blends humor and heartbreak in equal measure.
s1192,Movie,Lost Whisper,,,India,"July 9, 2019",2007,PG-13,107 min,"Thrillers, Sci-Fi & Fantasy",A gripping story that follows unexpected turns as characters confront their past.
s927,Movie,Forgotten Legacy,,"Nina Kim, Noah Cohen, Nina Costa",australia,"June 15, 2023",2023,TV-MA,170 min,Sci-Fi & Fantasy,"Set against a vivid backdrop, this tells a tale of ambition, loss, and reinvention."
s290,Movie,Hidden Storm,,"Priya Müller, Yuki Park",India,"January 19, 2022",2019,R,122 min,Comedies,A gripping story that follows unexpected turns as characters confront their past.
s247,Movie,Sacred Journey,Meera Müller,"Priya Nguyen, Grace Khan, Noah Costa",France,"June 15, 2019",2008,TV-14,119 min,Documentaries,"Set against a vivid backdrop, this tells a tale of ambition, loss, and reinvention."
s553,TV Show,Sacred Storm,,"Daniel Nguyen, Sofia Rossi, Diego Brown, Meera Costa, Lucas Sharma",South Korea,"July 7, 2019",2017,TV-MA,3 Seasons,TV Action & Adventure,A gripping story that follows unexpected turns as characters confront their past.
s90,Movie,Distant Promise,Daniel Nakamura,"James Kim, Daniel Park, Wei Brown",,"July 5, 2019",2007,R,150 min,"Horror Movies, Thrillers",A gripping story that follows unexpected turns as characters confront their past.
s193,Movie,Golden Symphony,Amara Kim,,France,"July 7, 2016",2012,PG,130 min,"Documentaries, Horror Movies","A tightly wound story exploring family, betrayal, and the search for belonging."
s731,Movie,Sacred Kingdom,Elena Cohen,,United States,"May 8, 2023",2023,R,104 min,"Thrillers, Horror Movies, Independent Movies",A heartfelt look at ordinary lives caught in extraordinary circumstances.
s1245,Movie,Shattered Streets,,"Elena Costa, Lucas Johnson, Lucas Garcia, Noah Müller, Daniel Costa",United States,"January 1, 2024",2024,PG-13,92 min,Comedies,A gripping story that follows unexpected turns as characters confront their past.
s437,TV Show,Forgotten River,,,Japan,"August 5, 2017",2009,TV-MA,2 Seasons,Reality TV,"A tightly wound story exploring family, betrayal, and the search for belonging."
s732,Movie,Burning Skyline,,"Amara Costa, Nina Brown, Noah Nguyen, Elena Brown",Mexico,"June 20, 2019",2017,PG-13,123 min,"Dramas, Horror Movies, Children & Family Movies","Set against a vivid backdrop, this tells a tale of ambition, loss, and reinvention."
s687,Movie,Wild River,Carlos Khan,"Aarav Johnson, Amara Costa, Nina Tanaka, Fatima Fernandez",Mexico,"January 1, 2018",2013,PG,68 min,"Comedies, Thrillers",A heartfelt look at ordinary lives caught in extraordinary circumstances.
s652,Movie,Sacred Echoes,Sofia Park,"Carlos Nakamura, Amara Khan, Grace Sharma, Daniel Cohen",Canada,"March 1, 2024",2020,PG-13,71 min,Horror Movies,A gripping story that follows unexpected turns as characters confront their past.
s702,TV Show,Sacred Journey,,,Nigeria,"August 23, 2020",2010,TV-PG,3 Seasons,TV Dramas,"Set against a vivid backdrop, this tells a tale of ambition, loss, and reinvention."
s147,Movie,Sacred Garden,Diego Tanaka,"Elena Tanaka, Wei Khan, Noah Müller",United States,"March 14, 2020",2005,PG,83 min,Dramas,A heartfelt look at ordinary lives caught in extraordinary circumstances.
s119,TV Show,Last Garden,,,united kingdom,"February 8, 2017",2013,TV-MA,1 Season,TV Comedies,"A tightly wound story exploring family, betrayal, and the search for belonging."
s1038,TV Show,Shattered Skyline,,,Spain,"July 22, 2024",2017,TV-14,5 Seasons,"TV Action & Adventure, Docuseries","A tightly wound story exploring family, betrayal, and the search for belonging."
s1216,Movie,Wild Symphony,Nina Johnson,"Yuki Khan, Wei Brown, Lucas Johnson, Elena Garcia",,"July 4, 2018",2008,PG-13,109 min,"Action & Adventure, Children & Family Movies",A suspenseful ride following a group determined to uncover the truth.
s863,TV Show,Golden Symphony,,,France,"June 3, 2018",2011,TV-PG,2 Seasons,Docuseries,An emotional journey that blends humor and heartbreak in equal measure.
s742,Movie,Hidden Kingdom,Lucas Silva,"Noah Patel, Priya Cohen, Carlos Johnson, Daniel Costa, Lucas Cohen",,"April 17, 2017",2013,PG,118 min,"Dramas, Documentaries",A gripping story that follows unexpected turns as characters confront their past.
s806,Movie,Quiet Frontier,Daniel Khan,,united kingdom,"September 3, 2020",2010,PG-13,106 min,Sci-Fi & Fantasy,A gripping story that follows unexpected turns as characters confront their past.
s979,Movie,Golden Garden,,,Australia,"October 27, 2016",2006,TV-MA,101 min,Romantic Movies,A gripping story that follows unexpected turns as characters confront their past.
s27,Movie,Lost Garden,,"James Garcia, Grace Rossi, Kenji Johnson",Nigeria,"April 6, 2024",2007,R,113 min,Independent Movies,A gripping story that follows unexpected turns as characters confront their past.
s901,Movie,Sacred Storm,Aiko Sharma,"Lucas Tanaka, Yuki Rossi, Aarav Cohen, Yuki Müller",Spain,"May 9, 2020",2017,TV-MA,130 min,Dramas,An emotional journey that blends humor and heartbreak in equal measure.
s15,Movie,Forgotten Horizon,Lucas Park,"Wei Kim, Priya Nguyen, Lucas Brown, Yuki Brown",Japan,"June 24, 2018",2018,PG,162 min,"Documentaries, Independent Movies",An emotional journey that blends humor and heartbreak in equal measure.
s501,TV Show,Hidden Mirror,,"Liam Fernandez, Nina Silva, Meera Park, Nina Brown",South Korea,"April 20, 2017",2010,TV-MA,7 Seasons,International TV Shows,A suspenseful ride following a group determined to uncover the truth.
s83,Movie,Shattered Skyline,,,South Korea,"July 4, 2021",2005,G,67 min,"Dramas, Action & Adventure",A suspenseful ride following a group determined to uncover the truth.
s790,Movie,Last Whisper,James Garcia,,,"June 2, 2021",2007,G,98 min,"Sci-Fi & Fantasy, Horror Movies",A gripping story that follows unexpected turns as characters confront their past.
s1067,Movie,Broken Frontier,Aiko Nakamura,,Canada,"July 6, 2023",2023,R,138 min,"Comedies, Horror Movies","Set against a vivid backdrop, this tells a tale of ambition, loss, and reinvention."
s808,Movie,Forgotten Storm,Daniel Fernandez,"Wei Patel, Meera Nakamura, Aiko Garcia",,"November 18, 2022",2022,PG-13,104 min,"Independent Movies, Horror Movies","Set against a vivid backdrop, this tells a tale of ambition, loss, and reinvention."
s601,Movie,Golden Horizon,Elena Cohen,"Fatima Tanaka, Daniel Cohen, Carlos Cohen, Fatima Johnson, Meera Khan",India,"July 4, 2019",2012,TV-MA,178 min,Romantic Movies,"A tightly wound story exploring family, betrayal, and the search for belonging."
s274,TV Show,Golden Skyline: Circle,,"Noah Kim, Priya Silva, Noah Tanaka, Amara Kim, Amara Nguyen",Germany,"November 15, 2021",2021,TV-MA,4 Seasons,"Reality TV, TV Action & Adventure",A heartfelt look at ordinary lives caught in extraordinary circumstances.
s685,TV Show,Dark Legacy: Diaries,,"Daniel Brown, Grace Patel",Mexico,"December 9, 2022",2011,TV-MA,1 Season,"Docuseries, Reality TV","A tightly wound story exploring family, betrayal, and the search for belonging."
s1060,Movie,Silent Empire,Sofia Khan,"Liam Cohen, Kenji Silva, Carlos Brown, Yuki Brown",Australia,"February 21, 2024",2014,TV-MA,65 min,"Action & Adventure, Romantic Movies, Independent Movies","Set against a vivid backdrop, this tells a tale of ambition, loss, and reinvention."
s467,Movie,Frozen Whisper,Amara Garcia,"Priya Brown, Grace Sharma",,"November 21, 2014",2012,TV-MA,82 min,"Documentaries, Dramas",A suspenseful ride following a group determined to uncover the truth.
s1167,TV Show,Broken Streets,,,United States,"March 9, 2024",2014,TV-MA,6 Seasons,Crime TV Shows,A heartfelt look at ordinary lives caught in extraordinary circumstances.
s1108,TV Show,Wild Harbor,,"Aiko Dubois, Meera Patel, James Patel, Sofia Fernandez",Japan,"March 20, 2024",2018,TV-14,1 Season,Reality TV,"A tightly wound story exploring family, betrayal, and the search for belonging."
s904,TV Show,Burning Shadows: Case,,,,"January 23, 2017",2010,TV-PG,2 Seasons,"TV Comedies, Kids' TV",A gripping story that follows unexpected turns as characters confront their past.
s448,TV Show,Frozen Skyline: Chronicles,,"Carlos Müller, Wei Khan",Nigeria,"May 3, 2024",2013,TV-Y7,4 Seasons,"Anime Series, TV Comedies",An emotional journey that blends humor and heartbreak in equal measure.
s372,Movie,Silent Storm,,"Elena Fernandez, Liam Cohen",France,"September 19, 2023",2006,R,137 min,"Documentaries, Comedies",An emotional journey that blends humor and heartbreak in equal measure.
s558,Movie,Shattered River,Wei Kim,"Sofia Park, Amara Dubois, Sofia Fernandez, Amara Müller",,"May 12, 2022",2018,PG-13,127 min,"Dramas, Independent Movies, Comedies",A heartfelt look at ordinary lives caught in extraordinary circumstances.
s900,Movie,Forgotten Storm,,"Daniel Silva, Amara Kim",australia,"September 3, 2022",2015,PG-13,155 min,"Documentaries, Thrillers","A tightly wound story exploring family, betrayal, and the search for belonging."
s272,Movie,Dark Promise,,,United States,"March 19, 2019",2012,PG,150 min,Thrillers,"A tightly wound story exploring family, betrayal, and the search for belonging."
s606,Movie,Quiet Kingdom,Lucas Kim,"Sofia Costa, Meera Müller, James Cohen, Wei Costa, Grace Dubois",United States,"June 24, 2022",2022,R,97 min,"Sci-Fi & Fantasy, Documentaries",A gripping story that follows unexpected turns as characters confront their past.
s450,TV Show,Last Frontier,,"Sofia Patel, Lucas Nguyen, Noah Garcia, Noah Garcia, Sofia Fernandez",United Kingdom,"February 13, 2024",2024,TV-14,1 Season,"Docuseries, TV Comedies, TV Dramas",A heartfelt look at ordinary lives caught in extraordinary circumstances.
s1083,TV Show,Wild Horizon: Circle,,"Fatima Nguyen, Nina Costa, Aarav Garcia, Noah Dubois, Aiko Park",Japan,"September 10, 2019",2016,TV-MA,1 Season,"Anime Series, TV Comedies",A heartfelt look at ordinary lives caught in extraordinary circumstances.
s524,TV Show,Lost Harbor: Case,,"Sofia Nguyen, Fatima Cohen",United States,"February 26, 2024",2024,TV-Y7,2 Seasons,TV Dramas,"A tightly wound story exploring family, betrayal, and the search for belonging."
s215,TV Show,Shattered Legacy,,"Aiko Rossi, Elena Patel, Liam Park",Spain,"November 9, 2020",2013,TV-PG,5 Seasons,TV Action & Adventure,"A tightly wound story exploring family, betrayal, and the search for belonging."
s345,Movie,Quiet Kingdom,Elena Nguyen,,Brazil,"March 23, 2018",2018,R,74 min,Sci-Fi & Fantasy,A suspenseful ride following a group determined to uncover the truth.
s1104,Movie,Wild Garden,Nina Patel,"Liam Garcia, Fatima Dubois, Meera Sharma, Kenji Johnson",South Korea,"September 7, 2019",2005,PG,102 min,Horror Movies,A suspenseful ride following a group determined to uncover the truth.
s148,TV Show,Wild Frontier,,,United States,"November 6, 2016",2010,TV-14,2 Seasons,International TV Shows,A heartfelt look at ordinary lives caught in extraordinary circumstances.
s724,Movie,Distant Journey,,"Priya Johnson, Sofia Brown",Nigeria,"June 11, 2021",2015,R,65 min,"Documentaries, Romantic Movies",A heartfelt look at ordinary lives caught in extraordinary circumstances.
s413,Movie,Endless Garden,James Rossi,,India,"April 20, 2019",2019,R,60 min,Documentaries,A suspenseful ride following a group determined to uncover the truth.
s814,Movie,Burning Kingdom,,,Australia,"February 14, 2017",2016,PG-13,65 min,Sci-Fi & Fantasy,"Set against a vivid backdrop, this tells a tale of ambition, loss, and reinvention."
s1136,TV Show,Broken Promise,,,Nigeria,"March 19, 2021",2007,TV-Y7,4 Seasons,"Anime Series, TV Action & Adventure","Set against a vivid backdrop, this tells a tale of ambition, loss, and reinvention."
s343,TV Show,Frozen Legacy,,"James Müller, Yuki Khan, James Johnson, Noah Patel",United States,"April 9, 2024",2024,TV-Y,2 Seasons,"Reality TV, TV Comedies, Romantic TV Shows",A suspenseful ride following a group determined to uncover the truth.
s174,TV Show,Frozen Frontier,,,India,"February 12, 2023",2010,TV-Y7,4 Seasons,"TV Dramas, TV Comedies","A tightly wound story exploring family, betrayal, and the search for belonging."
s893,TV Show,Last Mirror: Circle,,"Fatima Cohen, Diego Fernandez, Amara Cohen",Australia,"November 25, 2022",2022,TV-14,2 Seasons,Docuseries,"Set against a vivid backdrop, this tells a tale of ambition, loss, and reinvention."
s760,TV Show,Silent Empire,,"Amara Sharma, Diego Nakamura, Liam Fernandez, Liam Nguyen, Elena Kim",Spain,"November 7, 2021",2021,TV-MA,1 Season,Reality TV,"Set against a vivid backdrop, this tells a tale of ambition, loss, and reinvention."
s306,Movie,Frozen Symphony,,"Wei Tanaka, Sofia Müller",South Korea,"April 16, 2023",2023,TV-MA,100 min,"Action & Adventure, Romantic Movies, Children & Family Movies",A suspenseful ride following a group determined to uncover the truth.
s544,Movie,Forgotten Symphony,Aarav Dubois,"Daniel Khan, James Patel, James Fernandez, Diego Khan, Priya Cohen",United States,"May 23, 2020",2009,G,91 min,"Sci-Fi & Fantasy, Comedies","Set against a vivid backdrop, this tells a tale of ambition, loss, and reinvention."
s813,Movie,Crimson Harbor,Liam Garcia,"Priya Nguyen, Noah Brown, Fatima Nakamura, Liam Dubois",Japan,"August 6, 2019",2005,PG-13,90 min,"Documentaries, Comedies, Romantic Movies",A heartfelt look at ordinary lives caught in extraordinary circumstances.
s779,TV Show,Endless Promise,,"Meera Nakamura, Sofia Silva, Liam Rossi",South Korea,"April 2, 2021",2016,TV-G,1 Season,"Docuseries, Reality TV, Anime Series","Set against a vivid backdrop, this tells a tale of ambition, loss, and reinvention."
s948,Movie,Lost Frontier,Diego Nakamura,"Daniel Khan, Priya Rossi, Yuki Johnson, Priya Patel, Carlos Müller",United States,"April 12, 2018",2008,G,104 min,"Horror Movies, Romantic Movies",A gripping story that follows unexpected turns as characters confront their past.
s286,Movie,Sacred Storm,Aarav Nakamura,"Grace Müller, Noah Rossi, James Rossi",,"February 8, 2021",2021,TV-MA,115 min,"Independent Movies, Romantic Movies",A heartfelt look at ordinary lives caught in extraordinary circumstances.
s222,TV Show,Lost Promise,,"Lucas Costa, Aarav Khan, Aiko Sharma",Canada,"November 23, 2018",2017,TV-14,4 Seasons,Kids' TV,A heartfelt look at ordinary lives caught in extraordinary circumstances.
s1170,Movie,Burning Frontier,Wei Brown,"Daniel Johnson, Wei Kim",United States,"March 8, 2019",2005,R,151 min,Children & Family Movies,"A tightly wound story exploring family, betrayal, and the search for belonging."
s23,TV Show,Silent Kingdom,Daniel Rossi,"Aarav Park, Amara Cohen, Carlos Tanaka, Meera Brown",United States,"November 12, 2020",2020,TV-MA,5 Seasons,TV Action & Adventure,"A tightly wound story exploring family, betrayal, and the search for belonging."
s986,Movie,Forgotten Frontier,,"Yuki Park, James Müller, Diego Rossi, Amara Khan, Lucas Silva",united kingdom,"April 23, 2018",2018,R,173 min,"Dramas, Horror Movies",An emotional journey that blends humor and heartbreak in equal measure.
s117,TV Show,Forgotten Skyline: Chronicles,,"Daniel Sharma, Yuki Patel, Wei Rossi, Fatima Silva",,"May 14, 2018",2017,TV-MA,4 Seasons,"Reality TV, TV Dramas, Docuseries",A heartfelt look at ordinary lives caught in extraordinary circumstances.
s983,Movie,Quiet Harbor,Carlos Silva,"Aarav Khan, Carlos Müller, Liam Johnson, Grace Patel, Kenji Dubois",Italy,"March 10, 2023",2023,PG-13,95 min,"Action & Adventure, Sci-Fi & Fantasy",A suspenseful ride following a group determined to uncover the truth.
s998,TV Show,Forgotten Mirror,,"Elena Dubois, Meera Costa, Aarav Dubois",United Kingdom,"August 5, 2023",2013,TV-MA,4 Seasons,"Kids' TV, Crime TV Shows, International TV Shows",A suspenseful ride following a group determined to uncover the truth.
s362,Movie,Sacred Skyline,,,Nigeria,"November 3, 2019",2017,TV-14,60 min,"Dramas, Independent Movies, Sci-Fi & Fantasy","Set against a vivid backdrop, this tells a tale of ambition, loss, and reinvention."
s96,Movie,Crimson Empire,Noah Johnson,"Wei Garcia, Meera Fernandez, Amara Fernandez",Australia,"October 26, 2020",2012,PG-13,100 min,"Documentaries, Horror Movies",A gripping story that follows unexpected turns as characters confront their past.
s1043,Movie,Wild River,Daniel Patel,"Elena Dubois, Wei Johnson, Grace Tanaka",Japan,"September 24, 2022",2012,PG-13,176 min,"Action & Adventure, Sci-Fi & Fantasy",A heartfelt look at ordinary lives caught in extraordinary circumstances.
s262,Movie,Quiet Journey,Carlos Silva,,India,"November 6, 2019",2005,PG,172 min,"Romantic Movies, Dramas",A heartfelt look at ordinary lives caught in extraordinary circumstances.
s1014,Movie,Quiet Harbor,Aiko Nguyen,"Priya Cohen, Aiko Silva, Amara Nguyen, Wei Dubois",Nigeria,"August 1, 2020",2020,PG-13,156 min,Independent Movies,"Set against a vivid backdrop, this tells a tale of ambition, loss, and reinvention."
s882,Movie,Silent Promise,,"Wei Garcia, Sofia Kim, Nina Sharma, Fatima Kim, Fatima Cohen",India,"September 10, 2017",2017,TV-14,97 min,"Thrillers, Comedies","A tightly wound story exploring family, betrayal, and the search for belonging."
s834,TV Show,Broken Horizon: Circle,,"Grace Johnson, Daniel Khan, Carlos Fernandez, Yuki Costa",,"August 19, 2015",2007,TV-14,3 Seasons,"Romantic TV Shows, Reality TV","Set against a vivid backdrop, this tells a tale of ambition, loss, and reinvention."
s180,Movie,Hidden Empire,Liam Khan,"Aiko Sharma, Carlos Rossi, Daniel Kim",United Kingdom,"April 10, 2023",2023,PG-13,60 min,"Horror Movies, Comedies","A tightly wound story exploring family, betrayal, and the search for belonging."
s103,Movie,Lost Skyline,Aarav Tanaka,"Lucas Cohen, Fatima Fernandez, James Fernandez",France,"March 15, 2019",2010,PG-13,69 min,"Dramas, Romantic Movies","A tightly wound story exploring family, betrayal, and the search for belonging."
s575,TV Show,Golden Kingdom: Diaries,Liam Cohen,"Noah Kim, Noah Johnson",Canada,"September 10, 2016",2006,TV-MA,4 Seasons,Romantic TV Shows,"A tightly wound story exploring family, betrayal, and the search for belonging."
s1046,TV Show,Hidden Echoes,,"Aiko Sharma, Nina Dubois, Lucas Fernandez, Elena Tanaka",United States,"May 16, 2024",2010,TV-14,4 Seasons,"Crime TV Shows, Reality TV",A heartfelt look at ordinary lives caught in extraordinary circumstances.
s564,Movie,Shattered Symphony,,"Amara Patel, Amara Müller",Germany,"June 6, 2019",2016,R,168 min,"Action & Adventure, Romantic Movies",A heartfelt look at ordinary lives caught in extraordinary circumstances.
s185,Movie,Broken Promise,,"James Müller, Priya Nakamura, Kenji Brown",South Korea,"November 17, 2022",2013,R,74 min,"Romantic Movies, Thrillers","A tightly wound story exploring family, betrayal, and the search for belonging."
s468,Movie,Shattered Legacy,Wei Nakamura,"Diego Costa, Aiko Park, Daniel Park, Grace Johnson, Elena Patel",,"September 17, 2018",2008,R,143 min,Romantic Movies,"A tightly wound story exploring family, betrayal, and the search for belonging."
s381,TV Show,Shattered Mirror: Tapes,,,United States,"October 20, 2021",2007,TV-MA,6 Seasons,"Romantic TV Shows, Docuseries",An emotional journey that blends humor and heartbreak in equal measure.
s604,TV Show,Quiet Mirror,,"Carlos Kim, Wei Cohen, Aiko Dubois",United States,"March 1, 2023",2008,TV-Y7,5 Seasons,"TV Comedies, Crime TV Shows",A heartfelt look at ordinary lives caught in extraordinary circumstances.
s72,Movie,Lost Shadows,Amara Patel,"Aarav Sharma, Yuki Khan, Lucas Dubois, Liam Fernandez, Nina Garcia",,"July 13, 2021",2021,TV-MA,124 min,"Romantic Movies, Documentaries",A gripping story that follows unexpected turns as characters confront their past.
s1071,TV Show,Wild Promise,,"Amara Kim, Noah Rossi",United States,"July 2, 2021",2021,TV-14,2 Seasons,Crime TV Shows,"Set against a vivid backdrop, this tells a tale of ambition, loss, and reinvention."
s1018,Movie,Hidden Legacy,Carlos Müller,,Mexico,"November 27, 2017",2009,R,141 min,"Thrillers, Independent Movies","Set against a vivid backdrop, this tells a tale of ambition, loss, and reinvention."
s347,TV Show,Shattered Kingdom: Tapes,,"Sofia Costa, Yuki Dubois, Nina Kim, Sofia Müller, Yuki Garcia",Canada,"November 7, 2022",2022,TV-14,6 Seasons,"International TV Shows, Kids' TV","A tightly wound story exploring family, betrayal, and the search for belonging."
s781,Movie,Crimson Frontier,Priya Sharma,"Elena Patel, Daniel Sharma, Wei Nguyen",United States,"October 10, 2022",2009,PG-13,151 min,"Action & Adventure, Dramas",An emotional journey that blends humor and heartbreak in equal measure.
s1149,Movie,Sacred Shadows,,"Meera Müller, Elena Rossi, Lucas Nakamura, Kenji Patel",United States,"January 16, 2014",2014,R,145 min,Sci-Fi & Fantasy,An emotional journey that blends humor and heartbreak in equal measure.
s30,Movie,Broken Horizon,,"Amara Garcia, Kenji Garcia, Grace Rossi, Daniel Rossi, Fatima Johnson",Spain,"September 7, 2024",2015,NC-17,97 min,"Documentaries, Horror Movies, Independent Movies",An emotional journey that blends humor and heartbreak in equal measure.
s1054,Movie,Wild Echoes,Noah Tanaka,"Daniel Johnson, Wei Brown, Lucas Nguyen, Priya Fernandez",United States,"May 25, 2020",2017,TV-MA,121 min,Children & Family Movies,A gripping story that follows unexpected turns as characters confront their past.
s40,Movie,Silent Echoes,Grace Patel,,France,"June 18, 2022",2015,PG-13,152 min,Thrillers,An emotional journey that blends humor and heartbreak in equal measure.
s505,Movie,Quiet Garden,Noah Rossi,,Japan,"June 3, 2021",2021,PG-13,92 min,Romantic Movies,"A tightly wound story exploring family, betrayal, and the search for belonging."
s158,Movie,Forgotten Storm,Daniel Johnson,"Aiko Nakamura, Noah Sharma, Carlos Müller",Mexico,"April 26, 2019",2010,PG-13,108 min,"Comedies, Action & Adventure","A tightly wound story exploring family, betrayal, and the search for belonging."
s659,TV Show,Wild Garden,,"Carlos Müller, Yuki Nakamura, Liam Cohen, Yuki Tanaka",United States,"December 26, 2020",2014,TV-14,4 Seasons,"Crime TV Shows, TV Comedies",A gripping story that follows unexpected turns as characters confront their past.
s984,Movie,Dark Storm,Diego Cohen,"Grace Khan, Nina Nguyen",Italy,"June 9, 2023",2023,R,143 min,Independent Movies,A heartfelt look at ordinary lives caught in extraordinary circumstances.
s636,Movie,Last Storm,Wei Cohen,"Yuki Costa, Amara Park, Priya Nguyen",Canada,"November 8, 2019",2016,R,153 min,Sci-Fi & Fantasy,A gripping story that follows unexpected turns as characters confront their past.
s1146,Movie,Forgotten Skyline,Diego Brown,"Nina Cohen, Elena Dubois, Liam Nguyen",Japan,"February 12, 2019",2009,TV-MA,83 min,"Horror Movies, Thrillers",An emotional journey that blends humor and heartbreak in equal measure.
s395,Movie,Quiet River,Noah Müller,"Aiko Müller, Priya Kim, Fatima Sharma, Wei Kim",United Kingdom,"May 20, 2021",2021,PG-13,76 min,"Independent Movies, Comedies","A tightly wound story exploring family, betrayal, and the search for belonging."
s53,TV Show,Endless Legacy: Diaries,,"Kenji Brown, Fatima Müller",Germany,"November 23, 2019",2019,TV-14,1 Season,"TV Action & Adventure, Kids' TV",An emotional journey that blends humor and heartbreak in equal measure.
s1080,Movie,Distant Legacy,Amara Garcia,"Grace Nakamura, Aarav Park, Sofia Cohen",United States,"May 13, 2020",2020,R,156 min,Sci-Fi & Fantasy,"A tightly wound story exploring family, betrayal, and the search for belonging."
s360,Movie,Hidden Journey,,"Meera Cohen, Nina Rossi, Aarav Patel",United Kingdom,"May 12, 2022",2019,TV-14,154 min,"Children & Family Movies, Dramas",An emotional journey that blends humor and heartbreak in equal measure.
s799,TV Show,Shattered Harbor: Case,Noah Johnson,"Aarav Dubois, Nina Khan, Carlos Nakamura",United Kingdom,"November 13, 2021",2006,TV-PG,1 Season,"Crime TV Shows, TV Dramas","Set against a vivid backdrop, this tells a tale of ambition, loss, and reinvention."
s403,Movie,Distant Harbor,Noah Dubois,"Daniel Khan, Meera Garcia, Nina Fernandez, Priya Silva, Yuki Park",France,"June 20, 2020",2015,PG-13,81 min,Sci-Fi & Fantasy,A heartfelt look at ordinary lives caught in extraordinary circumstances.
s422,Movie,Sacred Legacy,,,United States,"December 4, 2022",2006,R,77 min,"Thrillers, Horror Movies",A heartfelt look at ordinary lives caught in extraordinary circumstances.
s449,TV Show,Lost Storm,,"Aarav Patel, Sofia Garcia, Daniel Cohen, Aiko Khan",France,"January 12, 2018",2010,TV-Y,1 Season,"Crime TV Shows, TV Action & Adventure","A tightly wound story exploring family, betrayal, and the search for belonging."
s678,TV Show,Silent River: Tapes,,,United States,"February 26, 2019",2017,TV-14,1 Season,"TV Dramas, Reality TV",An emotional journey that blends humor and heartbreak in equal measure.
s285,Movie,Dark Whisper,James Park,"Noah Silva, Amara Costa",India,"February 27, 2023",2023,PG-13,174 min,Action & Adventure,A gripping story that follows unexpected turns as characters confront their past.
s593,TV Show,Forgotten Shadows: Circle,,"Priya Patel, Fatima Park, Priya Dubois, Aiko Nguyen",united states,"May 2, 2022",2005,TV-14,4 Seasons,International TV Shows,A suspenseful ride following a group determined to uncover the truth.
s228,TV Show,Silent Harbor: Case,,,United States,"July 8, 2016",2016,TV-MA,5 Seasons,"Reality TV, TV Dramas, Romantic TV Shows",A suspenseful ride following a group determined to uncover the truth.
s354,Movie,Endless Storm,Meera Müller,"Aarav Patel, Amara Tanaka, James Tanaka, Amara Nguyen, Carlos Nakamura",Mexico,"December 8, 2018",2016,PG-13,130 min,"Documentaries, Dramas",A suspenseful ride following a group determined to uncover the truth.
s772,Movie,Dark Skyline,Daniel Rossi,"Nina Nakamura, Liam Müller, Grace Fernandez, Kenji Silva, Priya Cohen",United States,"June 15, 2021",2021,TV-MA,115 min,"Independent Movies, Romantic Movies",A heartfelt look at ordinary lives caught in extraordinary circumstances.
s10,Movie,Dark Empire,Kenji Nakamura,"Aarav Brown, Elena Garcia, Carlos Brown, Priya Silva, Priya Khan",United Kingdom,"March 15, 2019",2019,TV-MA,143 min,Documentaries,"Set against a vivid backdrop, this tells a tale of ambition, loss, and reinvention."
s1056,Movie,Last Horizon,Carlos Kim,"Noah Sharma, Wei Patel, Aarav Silva",United Kingdom,"October 4, 2021",2011,G,112 min,"Children & Family Movies, Documentaries",A suspenseful ride following a group determined to uncover the truth.
s31,TV Show,Distant Streets,,"Nina Tanaka, Aarav Patel, Meera Patel",India,"December 27, 2020",2019,TV-14,1 Season,TV Comedies,A heartfelt look at ordinary lives caught in extraordinary circumstances.
s1131,TV Show,Lost Shadows,,"Daniel Park, Yuki Dubois, Aarav Rossi",  France  ,"August 15, 2017",2015,TV-MA,7 Seasons,International TV Shows,A suspenseful ride following a group determined to uncover the truth.
s692,Movie,Endless Streets,,"Elena Fernandez, Diego Fernandez, Lucas Costa",Germany,"July 6, 2022",2014,TV-14,128 min,Dramas,A suspenseful ride following a group determined to uncover the truth.
s1026,TV Show,Lost Horizon,Fatima Sharma,"Elena Johnson, Carlos Fernandez, Amara Cohen",France,"May 25, 2021",2006,TV-G,6 Seasons,"TV Action & Adventure, Docuseries",A suspenseful ride following a group determined to uncover the truth.
s825,Movie,Sacred River,,,United Kingdom,"May 10, 2019",2009,TV-14,60 min,Sci-Fi & Fantasy,"A tightly wound story exploring family, betrayal, and the search for belonging."
s335,Movie,Forgotten Promise,,"Amara Tanaka, Aiko Dubois, Sofia Cohen, Diego Cohen, Yuki Johnson",United States,"February 25, 2018",2018,TV-MA,92 min,"Dramas, Independent Movies","Set against a vivid backdrop, this tells a tale of ambition, loss, and reinvention."
s463,Movie,Shattered Storm,Aarav Nakamura,"Kenji Garcia, Priya Silva, Grace Khan",Australia,"February 4, 2014",2013,TV-14,95 min,"Action & Adventure, Thrillers",A suspenseful ride following a group determined to uncover the truth.
s8,Movie,Lost Echoes,Amara Fernandez,"Sofia Patel, James Kim, Liam Garcia, Liam Nguyen",,"June 1, 2018",2009,PG,124 min,"Sci-Fi & Fantasy, Dramas, Horror Movies",A gripping story that follows unexpected turns as characters confront their past.
s518,TV Show,Last Harbor,,"Noah Tanaka, Aarav Garcia, Aarav Brown",India,"August 25, 2019",2012,TV-Y7,1 Season,"TV Comedies, Anime Series, TV Dramas",A suspenseful ride following a group determined to uncover the truth.
s198,TV Show,Forgotten Empire,,,Canada,"December 6, 2017",2010,TV-14,2 Seasons,"Anime Series, Docuseries",A suspenseful ride following a group determined to uncover the truth.
s297,Movie,Crimson Empire,Daniel Garcia,,India,"August 26, 2024",2021,TV-MA,68 min,Horror Movies,A gripping story that follows unexpected turns as characters confront their past.
s393,Movie,Forgotten Mirror,Nina Nguyen,"Meera Nakamura, Amara Johnson",France,"November 1, 2019",2014,R,172 min,"Documentaries, Action & Adventure","Set against a vivid backdrop, this tells a tale of ambition, loss, and reinvention."
s855,Movie,Silent Horizon,,"Priya Brown, Kenji Rossi, Grace Fernandez, Aiko Nakamura, Aiko Nguyen",United States,"May 9, 2022",2022,TV-MA,157 min,"Thrillers, Action & Adventure",A suspenseful ride following a group determined to uncover the truth.
s1130,Movie,Sacred Mirror,Noah Cohen,"Fatima Johnson, Aarav Nguyen, Lucas Park, Fatima Tanaka, Elena Park",Italy,"August 15, 2016",2011,R,88 min,"Children & Family Movies, Comedies",A suspenseful ride following a group determined to uncover the truth.
s1007,Movie,Crimson Streets,Diego Park,"Yuki Rossi, Lucas Johnson, Elena Costa, Noah Dubois",United States,"January 13, 2017",2017,PG-13,108 min,"Independent Movies, Dramas",A heartfelt look at ordinary lives caught in extraordinary circumstances.
s1239,TV Show,Crimson Harbor,,,United Kingdom,"September 1, 2020",2007,TV-Y,6 Seasons,"International TV Shows, Reality TV","A tightly wound story exploring family, betrayal, and the search for belonging."
s774,Movie,Sacred Harbor,Diego Sharma,"James Dubois, Elena Johnson, Nina Patel",United States,"January 11, 2023",2016,PG-13,87 min,Independent Movies,An emotional journey that blends humor and heartbreak in equal measure.
s511,TV Show,Distant Shadows,,,United States,"July 7, 2024",2024,TV-14,2 Seasons,"Kids' TV, Romantic TV Shows",A heartfelt look at ordinary lives caught in extraordinary circumstances.
s858,TV Show,Shattered Garden,,"Liam Johnson, Kenji Costa",,"December 5, 2018",2007,TV-14,1 Season,Crime TV Shows,A heartfelt look at ordinary lives caught in extraordinary circumstances.
s123,TV Show,Golden Mirror,,"Nina Rossi, Amara Kim, Nina Müller",United Kingdom,"July 4, 2023",2023,TV-Y,3 Seasons,"TV Dramas, TV Action & Adventure",A gripping story that follows unexpected turns as characters confront their past.
s689,Movie,Burning River,James Rossi,"Amara Sharma, Carlos Müller, Wei Rossi",,"February 22, 2018",2011,PG-13,136 min,"Children & Family Movies, Documentaries",A suspenseful ride following a group determined to uncover the truth.
s379,Movie,Sacred Streets,Aarav Rossi,"Diego Johnson, Elena Costa",United States,"November 9, 2019",2010,PG-13,170 min,"Documentaries, Romantic Movies","A tightly wound story exploring family, betrayal, and the search for belonging."
s39,Movie,Burning Mirror,Meera Patel,"Wei Brown, Kenji Johnson, Daniel Rossi",India,"February 1, 2020",2008,TV-14,163 min,"Documentaries, Thrillers, Independent Movies",An emotional journey that blends humor and heartbreak in equal measure.
s1241,Movie,Silent Skyline,,"Amara Müller, Wei Müller, James Patel, Kenji Dubois",Japan,"February 20, 2020",2019,TV-MA,163 min,Comedies,A heartfelt look at ordinary lives caught in extraordinary circumstances.
s865,TV Show,Dark Journey: Diaries,,"Nina Rossi, Kenji Rossi, Aarav Nakamura",India,"September 18, 2017",2011,TV-14,2 Seasons,"Crime TV Shows, Romantic TV Shows",A gripping story that follows unexpected turns as characters confront their past.
s820,TV Show,Dark Mirror: Diaries,,"James Sharma, Priya Sharma, Daniel Nakamura, Carlos Nguyen",Mexico,"September 1, 2024",2012,TV-Y,1 Season,Anime Series,"A tightly wound story exploring family, betrayal, and the search for belonging."
s163,Movie,Forgotten Legacy,James Nakamura,"Lucas Patel, Noah Khan, Aarav Khan",,"October 6, 2020",2011,TV-MA,79 min,"Horror Movies, Romantic Movies","Set against a vivid backdrop, this tells a tale of ambition, loss, and reinvention."
s68,Movie,Silent Streets,,,  Nigeria  ,"September 2, 2019",2019,TV-MA,90 min,"Romantic Movies, Horror Movies, Children & Family Movies","Set against a vivid backdrop, this tells a tale of ambition, loss, and reinvention."
s125,TV Show,Distant Storm,,"Elena Patel, Grace Dubois, Aarav Khan, Noah Khan, Liam Brown",Australia,"May 13, 2020",2010,TV-PG,4 Seasons,"Kids' TV, Reality TV, TV Action & Adventure","A tightly wound story exploring family, betrayal, and the search for belonging."
s552,Movie,Sacred Streets,Grace Rossi,"Nina Kim, Fatima Patel, Priya Garcia",,"August 4, 2024",2012,PG,180 min,Children & Family Movies,A suspenseful ride following a group determined to uncover the truth.
s5,Movie,Frozen Journey,Grace Garcia,,United States,"March 24, 2017",2014,G,134 min,"Horror Movies, Comedies, Children & Family Movies",An emotional journey that blends humor and heartbreak in equal measure.
s1117,Movie,Sacred Streets,,"Fatima Nakamura, Yuki Brown",United States,"January 16, 2018",2006,TV-MA,148 min,"Horror Movies, Independent Movies, Sci-Fi & Fantasy",A gripping story that follows unexpected turns as characters confront their past.
s534,TV Show,Golden River,,,India,"May 2, 2018",2005,TV-G,5 Seasons,"Docuseries, Romantic TV Shows","A tightly wound story exploring family, betrayal, and the search for belonging."
s1084,Movie,Burning Promise,James Rossi,,Germany,"March 23, 2020",2013,G,109 min,"Children & Family Movies, Documentaries",An emotional journey that blends humor and heartbreak in equal measure.
s301,Movie,Lost Frontier,Noah Johnson,"Diego Nakamura, Lucas Nakamura, Grace Johnson",India,"July 9, 2019",2009,TV-MA,104 min,"Children & Family Movies, Action & Adventure, Romantic Movies","A tightly wound story exploring family, betrayal, and the search for belonging."
s612,Movie,Crimson River,Elena Park,,United States,"February 9, 2020",2006,TV-MA,113 min,Comedies,A gripping story that follows unexpected turns as characters confront their past.
s748,TV Show,Last Garden,,,Italy,"April 15, 2018",2009,TV-G,1 Season,TV Dramas,A heartfelt look at ordinary lives caught in extraordinary circumstances.
s288,TV Show,Broken Mirror: Circle,,,United States,"September 17, 2024",2009,TV-14,1 Season,Crime TV Shows,A gripping story that follows unexpected turns as characters confront their past.
s749,TV Show,Silent Horizon: Diaries,,,France,"July 26, 2024",2015,TV-Y,3 Seasons,TV Dramas,A gripping story that follows unexpected turns as characters confront their past.
s428,Movie,Crimson Whisper,Priya Sharma,,Spain,"January 5, 2023",2015,PG-13,91 min,"Dramas, Independent Movies",A gripping story that follows unexpected turns as characters confront their past.
s609,TV Show,Forgotten Streets,Priya Dubois,"Lucas Nakamura, Elena Patel, Carlos Patel, Elena Sharma, Liam Nguyen",United Kingdom,"November 22, 2024",2010,TV-MA,1 Season,"Reality TV, TV Action & Adventure",A gripping story that follows unexpected turns as characters confront their past.
s1124,Movie,Last Streets,Grace Brown,,South Korea,"July 3, 2020",2008,TV-MA,146 min,"Action & Adventure, Romantic Movies",A gripping story that follows unexpected turns as characters confront their past.
s1169,Movie,Quiet Shadows,Aarav Rossi,,United Kingdom,"June 14, 2024",2019,R,81 min,Documentaries,"Set against a vivid backdrop, this tells a tale of ambition, loss, and reinvention."
s1090,Movie,Endless Garden,Fatima Costa,"Wei Tanaka, Grace Silva, Meera Brown",South Korea,"March 3, 2018",2012,TV-14,138 min,Thrillers,A suspenseful ride following a group determined to uncover the truth.
s507,Movie,Last Garden,,,Mexico,"September 14, 2018",2008,R,115 min,Action & Adventure,"Set against a vivid backdrop, this tells a tale of ambition, loss, and reinvention."
s357,Movie,Broken Legacy,Daniel Nguyen,,South Korea,"March 14, 2016",2007,TV-MA,113 min,Action & Adventure,A gripping story that follows unexpected turns as characters confront their past.
s400,Movie,Quiet River,Liam Fernandez,"Wei Nakamura, Diego Brown",United States,"July 1, 2020",2011,TV-MA,75 min,Children & Family Movies,"A tightly wound story exploring family, betrayal, and the search for belonging."
s1101,TV Show,Hidden Whisper,,"Elena Fernandez, Meera Tanaka, Priya Costa",  Germany  ,"February 13, 2024",2024,TV-MA,4 Seasons,"Docuseries, International TV Shows, Kids' TV",A heartfelt look at ordinary lives caught in extraordinary circumstances.
s353,Movie,Wild Frontier,Fatima Fernandez,,United States,"May 21, 2021",2021,PG-13,119 min,Comedies,A heartfelt look at ordinary lives caught in extraordinary circumstances.
s1168,Movie,Last Frontier,,,Brazil,"February 11, 2022",2012,TV-14,131 min,"Comedies, Children & Family Movies",A suspenseful ride following a group determined to uncover the truth.
s1041,TV Show,Sacred Promise,,"Liam Johnson, Sofia Kim, Amara Silva, Aiko Kim, Elena Müller",United States,"November 7, 2018",2017,TV-14,2 Seasons,"TV Action & Adventure, Anime Series, Romantic TV Shows",A suspenseful ride following a group determined to uncover the truth.
s699,Movie,Sacred Promise,,"Wei Brown, Sofia Müller, Wei Müller, Sofia Khan, Priya Park",Canada,"April 9, 2018",2006,R,108 min,"Documentaries, Romantic Movies, Sci-Fi & Fantasy",An emotional journey that blends humor and heartbreak in equal measure.
s1011,TV Show,Sacred Echoes: Files,,,Brazil,"August 11, 2017",2007,TV-Y,1 Season,TV Dramas,"Set against a vivid backdrop, this tells a tale of ambition, loss, and reinvention."
s837,Movie,Silent Empire,Diego Sharma,"Daniel Silva, Liam Nguyen, Liam Tanaka, Carlos Müller",United Kingdom,"November 26, 2021",2012,NC-17,100 min,"Comedies, Independent Movies",A heartfelt look at ordinary lives caught in extraordinary circumstances.
s668,Movie,Forgotten Kingdom,Priya Rossi,"Liam Nguyen, Diego Dubois, Aarav Khan",Japan,"June 13, 2024",2024,R,143 min,Horror Movies,A gripping story that follows unexpected turns as characters confront their past.
s261,Movie,Endless Horizon,,,,"August 17, 2018",2017,R,135 min,Comedies,"A tightly wound story exploring family, betrayal, and the search for belonging."
s1063,Movie,Frozen Horizon,Wei Müller,"Fatima Nakamura, Nina Rossi, Aiko Garcia, Grace Dubois, Daniel Nakamura",Italy,"September 9, 2022",2013,R,96 min,Thrillers,A suspenseful ride following a group determined to uncover the truth.
s334,Movie,Forgotten Legacy,,"Aiko Patel, Kenji Johnson, Liam Khan, Priya Müller",United Kingdom,"June 10, 2019",2019,R,118 min,"Horror Movies, Thrillers","A tightly wound story exploring family, betrayal, and the search for belonging."
s154,TV Show,Distant Horizon,,"Yuki Costa, Wei Fernandez, Nina Garcia, Meera Park",India,"September 3, 2023",2023,TV-MA,1 Season,"Docuseries, Kids' TV, Anime Series","A tightly wound story exploring family, betrayal, and the search for belonging."
s397,Movie,Sacred Echoes,,"Sofia Khan, Diego Park, Liam Park, Daniel Nguyen, Nina Silva",India,"July 11, 2017",2017,TV-MA,85 min,Sci-Fi & Fantasy,A heartfelt look at ordinary lives caught in extraordinary circumstances.
s788,TV Show,Distant Journey,,"Elena Fernandez, Aiko Dubois, Lucas Silva",Canada,"June 7, 2021",2021,TV-14,6 Seasons,"Romantic TV Shows, Crime TV Shows",A heartfelt look at ordinary lives caught in extraordinary circumstances.
s502,Movie,Crimson Shadows,Wei Johnson,"Lucas Kim, Diego Brown, Diego Sharma, Kenji Sharma, Meera Cohen",France,"December 5, 2022",2022,PG-13,97 min,"Documentaries, Horror Movies, Dramas","A tightly wound story exploring family, betrayal, and the search for belonging."
s817,Movie,Hidden Promise,,"Liam Müller, Diego Costa, Diego Dubois, Wei Tanaka, Diego Costa",United States,"January 22, 2020",2014,PG-13,157 min,Children & Family Movies,An emotional journey that blends humor and heartbreak in equal measure.
s1190,Movie,Shattered Harbor,Noah Patel,"Priya Nakamura, Amara Costa, Nina Fernandez, Sofia Nguyen, Aiko Dubois",United States,"March 23, 2022",2020,G,122 min,"Horror Movies, Sci-Fi & Fantasy","Set against a vivid backdrop, this tells a tale of ambition, loss, and reinvention."
s722,Movie,Golden Streets,Carlos Dubois,"Liam Müller, Priya Costa",United Kingdom,"February 2, 2023",2023,PG,63 min,"Sci-Fi & Fantasy, Horror Movies",A heartfelt look at ordinary lives caught in extraordinary circumstances.
s374,Movie,Sacred Empire,Meera Nakamura,,United Kingdom,"December 5, 2024",2024,TV-MA,153 min,Dramas,An emotional journey that blends humor and heartbreak in equal measure.
s856,Movie,Last Promise,,,Japan,"January 12, 2021",2021,R,132 min,"Action & Adventure, Sci-Fi & Fantasy, Thrillers",A heartfelt look at ordinary lives caught in extraordinary circumstances.
s591,Movie,Endless Echoes,,"Daniel Tanaka, Fatima Kim",United States,"April 26, 2022",2022,R,112 min,"Comedies, Horror Movies","A tightly wound story exploring family, betrayal, and the search for belonging."
s313,TV Show,Last Journey,,,,"August 2, 2018",2015,TV-14,1 Season,Crime TV Shows,"A tightly wound story exploring family, betrayal, and the search for belonging."
s826,Movie,Golden Promise,,"James Cohen, Grace Cohen, Priya Patel",United States,"January 11, 2024",2007,TV-14,119 min,"Thrillers, Horror Movies",A heartfelt look at ordinary lives caught in extraordinary circumstances.
s599,Movie,Endless Echoes,Kenji Patel,"Nina Fernandez, Sofia Costa",India,"April 6, 2019",2014,PG,136 min,Children & Family Movies,"A tightly wound story exploring family, betrayal, and the search for belonging."
s43,Movie,Crimson Promise,Amara Khan,,,"April 12, 2022",2011,TV-MA,156 min,Horror Movies,"Set against a vivid backdrop, this tells a tale of ambition, loss, and reinvention."
s646,TV Show,Forgotten Promise,,,South Korea,"November 14, 2016",2016,TV-14,1 Season,"TV Action & Adventure, Reality TV",A heartfelt look at ordinary lives caught in extraordinary circumstances.
s1178,TV Show,Sacred Whisper,Amara Khan,,Canada,"October 19, 2021",2021,TV-MA,4 Seasons,TV Action & Adventure,A heartfelt look at ordinary lives caught in extraordinary circumstances.
s29,Movie,Shattered Mirror,Lucas Khan,,united states,"September 25, 2019",2019,R,79 min,"Action & Adventure, Children & Family Movies, Dramas",An emotional journey that blends humor and heartbreak in equal measure.
s523,Movie,Burning Whisper,Priya Brown,"Meera Cohen, Liam Rossi, Grace Nakamura, Aiko Tanaka, Carlos Park",,"November 26, 2024",2006,R,170 min,"Comedies, Sci-Fi & Fantasy","Set against a vivid backdrop, this tells a tale of ambition, loss, and reinvention."
s1031,Movie,Wild Empire,Noah Müller,,United States,"September 1, 2020",2020,R,92 min,Independent Movies,An emotional journey that blends humor and heartbreak in equal measure.
s763,Movie,Broken River,Yuki Fernandez,"Aarav Rossi, Wei Nguyen, Nina Nguyen, Aarav Sharma, Fatima Rossi",United States,"May 27, 2018",2017,R,108 min,Comedies,A gripping story that follows unexpected turns as characters confront their past.
s1075,TV Show,Forgotten Promise,,"Liam Costa, Carlos Garcia, Nina Sharma",south korea,"December 17, 2021",2021,TV-MA,1 Season,"TV Comedies, TV Dramas",A suspenseful ride following a group determined to uncover the truth.
s141,Movie,Golden Harbor,James Sharma,"Wei Dubois, Aarav Fernandez, Daniel Silva, Fatima Park, Liam Müller",Spain,"February 3, 2020",2018,TV-14,133 min,"Comedies, Children & Family Movies, Independent Movies","A tightly wound story exploring family, betrayal, and the search for belonging."
s887,TV Show,Broken Skyline: Tapes,,"Elena Brown, Diego Costa",United Kingdom,"November 23, 2016",2012,TV-MA,4 Seasons,International TV Shows,A heartfelt look at ordinary lives caught in extraordinary circumstances.
s705,Movie,Endless Promise,Grace Park,"Noah Nakamura, Grace Silva, Elena Fernandez, Kenji Müller",India,"June 16, 2022",2021,R,137 min,"Horror Movies, Documentaries, Romantic Movies","A tightly wound story exploring family, betrayal, and the search for belonging."
s1061,TV Show,Distant Echoes,,"Diego Silva, Yuki Costa",United States,"May 18, 2022",2011,TV-14,1 Season,Kids' TV,"Set against a vivid backdrop, this tells a tale of ambition, loss, and reinvention."
s997,TV Show,Lost Frontier,,"Meera Patel, Liam Khan",United States,"August 1, 2017",2011,TV-PG,1 Season,TV Comedies,"Set against a vivid backdrop, this tells a tale of ambition, loss, and reinvention."
s408,Movie,Shattered Frontier,Diego Rossi,,United States,"April 24, 2020",2013,R,166 min,"Children & Family Movies, Sci-Fi & Fantasy","Set against a vivid backdrop, this tells a tale of ambition, loss, and reinvention."
s1106,Movie,Golden River,Meera Khan,,,"January 6, 2021",2021,TV-MA,144 min,"Sci-Fi & Fantasy, Thrillers",A suspenseful ride following a group determined to uncover the truth.
s949,Movie,Hidden Echoes,Carlos Garcia,"Liam Fernandez, Grace Khan, Meera Garcia",India,"March 27, 2020",2020,TV-MA,141 min,Independent Movies,A heartfelt look at ordinary lives caught in extraordinary circumstances.
s137,Movie,Lost Horizon,Grace Garcia,"Lucas Khan, Yuki Dubois, James Patel, Aarav Khan",South Korea,"August 17, 2018",2015,R,129 min,"Independent Movies, Thrillers",A gripping story that follows unexpected turns as characters confront their past.
s1017,Movie,Distant Harbor,Aiko Rossi,"Aarav Park, Meera Patel, James Kim, Carlos Garcia, Amara Johnson",France,"August 25, 2020",2020,R,120 min,Independent Movies,A heartfelt look at ordinary lives caught in extraordinary circumstances.
s942,Movie,Shattered Skyline,Grace Silva,"Noah Fernandez, Fatima Tanaka, Noah Nakamura",  United States  ,"September 26, 2022",2022,TV-14,100 min,"Action & Adventure, Comedies","Set against a vivid backdrop, this tells a tale of ambition, loss, and reinvention."
s783,TV Show,Sacred Garden: Chronicles,,"Meera Khan, Meera Sharma, Nina Cohen, Aarav Brown, Noah Tanaka",Australia,"November 9, 2024",2020,TV-14,1 Season,"Kids' TV, TV Action & Adventure",A heartfelt look at ordinary lives caught in extraordinary circumstances.
s446,Movie,Sacred Echoes,Liam Patel,"Fatima Patel, Carlos Nguyen",spain,"February 7, 2021",2021,R,72 min,Action & Adventure,A heartfelt look at ordinary lives caught in extraordinary circumstances.
s670,Movie,Forgotten Horizon,,"Aarav Patel, Aarav Nakamura",,"June 5, 2021",2012,TV-14,151 min,Horror Movies,A gripping story that follows unexpected turns as characters confront their past.
s744,Movie,Quiet Horizon,,"Elena Nakamura, Grace Fernandez, Lucas Rossi, Lucas Tanaka",India,"March 13, 2019",2018,TV-MA,130 min,"Independent Movies, Action & Adventure, Sci-Fi & Fantasy",A heartfelt look at ordinary lives caught in extraordinary circumstances.
s273,Movie,Broken Promise,Carlos Nakamura,"Priya Fernandez, James Dubois, Sofia Khan, Aarav Cohen, Lucas Khan",,"June 5, 2018",2007,TV-14,156 min,Romantic Movies,A heartfelt look at ordinary lives caught in extraordinary circumstances.
s1195,Movie,Crimson Horizon,Priya Rossi,"Diego Costa, Liam Tanaka",Canada,"December 5, 2023",2020,PG-13,72 min,"Dramas, Children & Family Movies, Romantic Movies",A heartfelt look at ordinary lives caught in extraordinary circumstances.
s520,Movie,Broken Frontier,Wei Brown,"Wei Brown, Lucas Nakamura, Liam Patel, Noah Cohen, Nina Park",United States,"August 17, 2017",2013,G,109 min,"Independent Movies, Thrillers",An emotional journey that blends humor and heartbreak in equal measure.
s815,Movie,Golden Promise,Liam Park,,united states,"August 2, 2019",2015,TV-MA,83 min,Documentaries,An emotional journey that blends humor and heartbreak in equal measure.
s819,Movie,Distant River,Diego Dubois,,United States,"May 12, 2019",2019,R,100 min,Documentaries,A gripping story that follows unexpected turns as characters confront their past.
s378,Movie,Endless Garden,Grace Nakamura,"Daniel Sharma, Lucas Sharma, Lucas Costa, James Park",India,"April 19, 2021",2018,TV-MA,136 min,"Documentaries, Romantic Movies",A suspenseful ride following a group determined to uncover the truth.
s735,Movie,Golden Shadows,,"James Nakamura, Daniel Costa, Noah Park, Amara Fernandez, Kenji Silva",Mexico,"May 5, 2022",2022,PG-13,160 min,Horror Movies,A gripping story that follows unexpected turns as characters confront their past.
s499,Movie,Distant Skyline,,"Carlos Patel, Lucas Tanaka, Sofia Brown, Noah Garcia, Wei Müller",United States,"May 17, 2024",2024,TV-MA,106 min,"Comedies, Documentaries",A suspenseful ride following a group determined to uncover the truth.
s615,TV Show,Wild Legacy,,,India,"December 9, 2021",2012,TV-MA,1 Season,"Docuseries, TV Comedies",A suspenseful ride following a group determined to uncover the truth.
s1196,Movie,Crimson Storm,Lucas Müller,"Liam Kim, Daniel Khan, Liam Patel, Aarav Müller",,"March 15, 2018",2007,PG-13,66 min,"Dramas, Action & Adventure","Set against a vivid backdrop, this tells a tale of ambition, loss, and reinvention."
s1154,Movie,Shattered Whisper,Noah Khan,"Noah Dubois, Priya Nguyen, Noah Nguyen, Yuki Kim",,"September 15, 2021",2008,G,141 min,"Horror Movies, Comedies",A gripping story that follows unexpected turns as characters confront their past.
s1113,Movie,Broken Promise,,"Sofia Müller, James Cohen, Priya Patel",United States,"December 5, 2016",2015,PG,90 min,Independent Movies,"A tightly wound story exploring family, betrayal, and the search for belonging."
s959,Movie,Sacred Horizon,Fatima Silva,,Germany,"November 27, 2024",2018,R,84 min,"Sci-Fi & Fantasy, Children & Family Movies",A heartfelt look at ordinary lives caught in extraordinary circumstances.
s677,TV Show,Shattered Frontier,,"Kenji Müller, Liam Müller, Amara Nguyen, Yuki Rossi, Aiko Fernandez",United States,"December 9, 2018",2009,TV-14,4 Seasons,"Crime TV Shows, Romantic TV Shows",A gripping story that follows unexpected turns as characters confront their past.
s1243,TV Show,Forgotten River,,"Elena Cohen, Kenji Johnson, Grace Park, Yuki Nguyen, Sofia Garcia",France,"March 4, 2017",2009,TV-MA,7 Seasons,Kids' TV,A heartfelt look at ordinary lives caught in extraordinary circumstances.
s98,Movie,Crimson Skyline,,,India,"April 3, 2019",2009,TV-MA,83 min,Thrillers,An emotional journey that blends humor and heartbreak in equal measure.
s663,TV Show,Dark Kingdom,,"Amara Rossi, Aiko Rossi",United States,"December 17, 2024",2022,TV-14,3 Seasons,"TV Dramas, Kids' TV",A heartfelt look at ordinary lives caught in extraordinary circumstances.
s129,Movie,Burning Promise,Elena Silva,"Yuki Fernandez, Lucas Khan",United States,"April 23, 2017",2017,PG-13,86 min,Horror Movies,A suspenseful ride following a group determined to uncover the truth.
s891,Movie,Endless Harbor,,,United States,"November 23, 2021",2010,G,163 min,"Romantic Movies, Independent Movies",A gripping story that follows unexpected turns as characters confront their past.
s1129,Movie,Quiet Storm,Grace Johnson,,South Korea,"August 9, 2020",2008,TV-MA,116 min,Action & Adventure,"Set against a vivid backdrop, this tells a tale of ambition, loss, and reinvention."
s860,Movie,Quiet Kingdom,James Cohen,"Lucas Park, Elena Johnson, Meera Kim, Aarav Khan, Yuki Silva",united states,"May 13, 2022",2022,PG,69 min,"Romantic Movies, Children & Family Movies, Documentaries","A tightly wound story exploring family, betrayal, and the search for belonging."
s623,Movie,Crimson Journey,Liam Khan,,Japan,"February 18, 2022",2011,PG-13,104 min,"Sci-Fi & Fantasy, Comedies, Children & Family Movies",A gripping story that follows unexpected turns as characters confront their past.
s545,Movie,Broken Legacy,Amara Dubois,"James Patel, Fatima Rossi",Germany,"April 12, 2019",2017,TV-14,106 min,Children & Family Movies,A heartfelt look at ordinary lives caught in extraordinary circumstances.
s380,Movie,Silent Harbor,Aiko Cohen,,United Kingdom,"October 21, 2024",2024,PG,130 min,"Romantic Movies, Documentaries","A tightly wound story exploring family, betrayal, and the search for belonging."
s704,Movie,Endless Storm,Kenji Dubois,"Sofia Khan, Lucas Fernandez, Lucas Dubois, Kenji Sharma",United States,"January 15, 2024",2010,PG,73 min,"Sci-Fi & Fantasy, Comedies",A gripping story that follows unexpected turns as characters confront their past.
s204,Movie,Endless Kingdom,Aarav Cohen,"Sofia Dubois, Lucas Müller, Daniel Johnson, Fatima Khan, Nina Brown",Spain,"August 16, 2018",2016,TV-MA,73 min,Action & Adventure,A suspenseful ride following a group determined to uncover the truth.
s344,TV Show,Hidden Streets,,"Priya Tanaka, Nina Brown, Aiko Cohen",India,"January 10, 2023",2012,TV-MA,4 Seasons,"Kids' TV, Crime TV Shows",A gripping story that follows unexpected turns as characters confront their past.
s1087,TV Show,Silent Echoes,,,France,"March 25, 2018",2006,TV-G,1 Season,"International TV Shows, TV Dramas","A tightly wound story exploring family, betrayal, and the search for belonging."
s655,Movie,Last Kingdom,Yuki Silva,,Brazil,"March 20, 2016",2008,TV-MA,61 min,Dramas,"Set against a vivid backdrop, this tells a tale of ambition, loss, and reinvention."
s1182,Movie,Quiet Frontier,Aiko Fernandez,,,"February 5, 2023",2023,TV-MA,131 min,"Comedies, Action & Adventure, Dramas",A gripping story that follows unexpected turns as characters confront their past.
s519,Movie,Forgotten River,Diego Cohen,"Sofia Khan, Daniel Rossi, Aiko Patel, Priya Costa, Grace Nguyen",  France  ,"November 26, 2018",2013,TV-MA,74 min,Romantic Movies,"Set against a vivid backdrop, this tells a tale of ambition, loss, and reinvention."
s919,Movie,Distant Journey,,"Noah Dubois, Amara Silva",United States,"May 16, 2022",2022,PG,102 min,"Action & Adventure, Children & Family Movies, Horror Movies","A tightly wound story exploring family, betrayal, and the search for belonging."
s780,Movie,Hidden Legacy,Fatima Nguyen,,Germany,"June 11, 2021",2014,PG-13,138 min,"Sci-Fi & Fantasy, Horror Movies, Action & Adventure",A suspenseful ride following a group determined to uncover the truth.
s235,TV Show,Forgotten Mirror,,,India,"December 18, 2022",2022,TV-MA,4 Seasons,"TV Comedies, Romantic TV Shows, Docuseries",A gripping story that follows unexpected turns as characters confront their past.
s489,Movie,Endless Empire,,"Noah Sharma, Noah Garcia",Germany,"March 26, 2014",2012,R,166 min,Action & Adventure,A gripping story that follows unexpected turns as characters confront their past.
s238,Movie,Silent Promise,Grace Park,"Aarav Cohen, Amara Sharma",Canada,"February 22, 2019",2017,R,180 min,"Comedies, Action & Adventure","A tightly wound story exploring family, betrayal, and the search for belonging."
s550,Movie,Broken Storm,Elena Fernandez,"Priya Nakamura, Noah Cohen, James Johnson, Daniel Nakamura, Liam Patel",Spain,"March 18, 2022",2022,R,60 min,"Romantic Movies, Children & Family Movies, Horror Movies","Set against a vivid backdrop, this tells a tale of ambition, loss, and reinvention."
s401,Movie,Crimson Horizon,Daniel Johnson,"Amara Patel, Noah Khan, Elena Rossi",United States,"September 24, 2018",2018,R,128 min,"Action & Adventure, Comedies",A gripping story that follows unexpected turns as characters confront their past.
s896,Movie,Endless Mirror,James Silva,"Fatima Nguyen, James Brown, Aiko Sharma, Daniel Kim, Fatima Tanaka",Brazil,"October 3, 2023",2023,TV-14,80 min,"Sci-Fi & Fantasy, Children & Family Movies, Romantic Movies",An emotional journey that blends humor and heartbreak in equal measure.
s571,Movie,Crimson Promise,,,South Korea,"December 10, 2016",2009,R,157 min,"Children & Family Movies, Independent Movies, Comedies",An emotional journey that blends humor and heartbreak in equal measure.
s918,Movie,Endless Skyline,,"Nina Sharma, Grace Costa, Lucas Müller, Lucas Nakamura, Priya Patel",France,"April 9, 2019",2019,TV-14,89 min,Action & Adventure,"A tightly wound story exploring family, betrayal, and the search for belonging."
s233,TV Show,Golden Empire: Case,,,  Brazil  ,"July 9, 2020",2010,TV-Y7,1 Season,"TV Comedies, Romantic TV Shows",A gripping story that follows unexpected turns as characters confront their past.
s795,Movie,Crimson Journey,Elena Fernandez,"Yuki Johnson, Kenji Dubois, Daniel Johnson, Elena Cohen, Noah Silva",United States,"January 27, 2020",2012,R,148 min,Documentaries,An emotional journey that blends humor and heartbreak in equal measure.
s683,Movie,Shattered Skyline,Priya Khan,"Liam Johnson, Aiko Brown, Liam Khan, Amara Tanaka, Liam Khan",Mexico,"March 15, 2017",2008,PG,76 min,Action & Adventure,A heartfelt look at ordinary lives caught in extraordinary circumstances.
s443,TV Show,Frozen Promise,,"Fatima Fernandez, Noah Fernandez, Wei Nguyen",,"May 21, 2020",2005,TV-MA,1 Season,"Anime Series, TV Dramas",A suspenseful ride following a group determined to uncover the truth.
s1193,Movie,Sacred Legacy,,"Liam Kim, Diego Rossi",India,"October 7, 2019",2008,TV-14,87 min,"Dramas, Thrillers",A heartfelt look at ordinary lives caught in extraordinary circumstances.
s719,TV Show,Last Harbor,,"Fatima Dubois, Kenji Khan, Kenji Rossi, Aarav Cohen, Nina Nakamura",India,"February 8, 2017",2009,TV-PG,2 Seasons,Crime TV Shows,An emotional journey that blends humor and heartbreak in equal measure.
s797,Movie,Wild Promise,Priya Fernandez,"Kenji Fernandez, Aiko Fernandez, Nina Sharma, Aarav Kim, Daniel Park",india,"January 12, 2021",2021,R,148 min,Dramas,"Set against a vivid backdrop, this tells a tale of ambition, loss, and reinvention."
s99,Movie,Broken Harbor,Aarav Fernandez,"Grace Cohen, Amara Müller",United Kingdom,"October 22, 2019",2014,PG-13,152 min,"Sci-Fi & Fantasy, Thrillers",A heartfelt look at ordinary lives caught in extraordinary circumstances.
s515,TV Show,Shattered Harbor: Diaries,,,India,"January 14, 2017",2015,TV-14,3 Seasons,"TV Dramas, TV Comedies",A suspenseful ride following a group determined to uncover the truth.
s395,Movie,Quiet River,Noah Müller,"Aiko Müller, Priya Kim, Fatima Sharma, Wei Kim",United Kingdom,"May 20, 2021",2021,PG-13,76 min,"Independent Movies, Comedies","A tightly wound story exploring family, betrayal, and the search for belonging."
s512,Movie,Last Symphony,James Dubois,"Lucas Tanaka, Wei Tanaka, Liam Garcia, Carlos Rossi, Grace Dubois",United States,"November 20, 2018",2018,R,65 min,Dramas,A gripping story that follows unexpected turns as characters confront their past.
s1110,Movie,Endless Horizon,Fatima Rossi,"Liam Costa, Nina Garcia, Carlos Brown",United States,"October 21, 2024",2016,TV-MA,134 min,"Children & Family Movies, Horror Movies",A heartfelt look at ordinary lives caught in extraordinary circumstances.
s218,Movie,Hidden Frontier,Noah Nakamura,"Amara Brown, Yuki Dubois",,"December 16, 2022",2022,R,64 min,"Romantic Movies, Thrillers",An emotional journey that blends humor and heartbreak in equal measure.
s361,TV Show,Broken Promise,,,India,"May 22, 2021",2005,TV-14,3 Seasons,TV Action & Adventure,A suspenseful ride following a group determined to uncover the truth.
s559,Movie,Dark Shadows,,,France,"August 21, 2017",2005,R,90 min,Thrillers,A heartfelt look at ordinary lives caught in extraordinary circumstances.
s500,TV Show,Sacred Garden,,,Australia,"September 6, 2019",2009,TV-14,3 Seasons,"TV Comedies, Reality TV",A heartfelt look at ordinary lives caught in extraordinary circumstances.
s1238,TV Show,Burning Kingdom,Aarav Rossi,"James Park, Grace Patel, Diego Sharma, Aarav Khan, Nina Rossi",France,"October 14, 2024",2009,TV-PG,4 Seasons,"Crime TV Shows, Romantic TV Shows, TV Comedies",An emotional journey that blends humor and heartbreak in equal measure.
s935,Movie,Hidden Symphony,Aarav Khan,"Noah Müller, Aiko Rossi",Spain,"June 12, 2023",2010,R,115 min,"Romantic Movies, Children & Family Movies, Independent Movies",A suspenseful ride following a group determined to uncover the truth.
s226,TV Show,Frozen Legacy,,"Yuki Sharma, Diego Müller, Noah Müller",United Kingdom,"September 22, 2019",2013,TV-MA,1 Season,"Docuseries, International TV Shows",An emotional journey that blends humor and heartbreak in equal measure.
s19,Movie,Endless Mirror,Sofia Tanaka,"Wei Rossi, Wei Nguyen, Fatima Müller",Canada,"July 13, 2023",2005,PG-13,114 min,Documentaries,"Set against a vivid backdrop, this tells a tale of ambition, loss, and reinvention."
s169,TV Show,Crimson Whisper,Liam Park,,United States,"May 26, 2018",2010,TV-14,1 Season,Docuseries,"A tightly wound story exploring family, betrayal, and the search for belonging."
s1086,Movie,Forgotten Symphony,Grace Patel,"Grace Silva, Sofia Nakamura, Lucas Nguyen, Diego Sharma",United States,"July 27, 2022",2009,PG,170 min,"Documentaries, Independent Movies, Romantic Movies",A heartfelt look at ordinary lives caught in extraordinary circumstances.
s293,Movie,Frozen Mirror,Yuki Park,"Nina Silva, Noah Fernandez, Liam Rossi, Liam Sharma, Lucas Park",United States,"April 9, 2017",2007,TV-MA,173 min,Sci-Fi & Fantasy,A suspenseful ride following a group determined to uncover the truth.
s1177,TV Show,Sacred Symphony,Diego Rossi,"Aiko Nguyen, Nina Kim, Sofia Rossi",France,"April 24, 2022",2020,TV-PG,1 Season,Anime Series,"A tightly wound story exploring family, betrayal, and the search for belonging."
s1039,TV Show,Endless River,,"Elena Brown, Meera Garcia, Carlos Nakamura, Fatima Kim",United States,"January 1, 2016",2015,TV-14,2 Seasons,"Reality TV, Docuseries",A heartfelt look at ordinary lives caught in extraordinary circumstances.
s398,Movie,Lost Horizon,Nina Silva,"Meera Nguyen, Sofia Park, Amara Johnson",Canada,"January 9, 2022",2017,PG-13,179 min,Independent Movies,A suspenseful ride following a group determined to uncover the truth.
s1092,Movie,Sacred Harbor,,"Wei Rossi, Liam Costa",Canada,"May 22, 2018",2007,PG-13,120 min,"Dramas, Children & Family Movies, Comedies",A heartfelt look at ordinary lives caught in extraordinary circumstances.
s1116,Movie,Lost Storm,Kenji Müller,,Brazil,"August 23, 2019",2009,R,82 min,Documentaries,A heartfelt look at ordinary lives caught in extraordinary circumstances.
s541,Movie,Distant Horizon,Daniel Tanaka,"Amara Silva, Yuki Patel, Noah Patel, Lucas Patel",India,"February 24, 2018",2008,TV-MA,93 min,"Dramas, Romantic Movies",A suspenseful ride following a group determined to uncover the truth.
s329,TV Show,Sacred Harbor: Files,Lucas Khan,"Lucas Tanaka, Priya Patel, Diego Costa",United States,"May 16, 2019",2011,TV-PG,1 Season,"Kids' TV, Romantic TV Shows",A gripping story that follows unexpected turns as characters confront their past.
s796,Movie,Frozen River,Grace Patel,"Carlos Dubois, Wei Nguyen, Lucas Johnson, Daniel Khan",United States,"January 11, 2014",2012,TV-MA,105 min,"Documentaries, Comedies","A tightly wound story exploring family, betrayal, and the search for belonging."
s849,TV Show,Forgotten Legacy: Circle,,"James Patel, Carlos Müller",Spain,"October 8, 2018",2011,TV-14,1 Season,"International TV Shows, Crime TV Shows","A tightly wound story exploring family, betrayal, and the search for belonging."
s303,Movie,Endless Harbor,Aarav Rossi,,Germany,"July 26, 2017",2017,PG-13,163 min,"Comedies, Documentaries",A suspenseful ride following a group determined to uncover the truth.
s1220,Movie,Distant Skyline,Daniel Nguyen,"Meera Johnson, Priya Costa, Aiko Brown, Yuki Nguyen, Wei Garcia",Germany,"April 8, 2017",2006,PG,78 min,"Sci-Fi & Fantasy, Children & Family Movies, Independent Movies",A heartfelt look at ordinary lives caught in extraordinary circumstances.
s1213,TV Show,Distant Garden,Priya Nguyen,"Yuki Brown, Fatima Garcia, Liam Cohen",India,"February 2, 2017",2015,TV-14,7 Seasons,"TV Dramas, International TV Shows, Docuseries",A suspenseful ride following a group determined to uncover the truth.
s94,Movie,Silent Horizon,Grace Tanaka,,United States,"May 12, 2020",2018,PG-13,137 min,"Dramas, Romantic Movies, Comedies",A heartfelt look at ordinary lives caught in extraordinary circumstances.
s214,Movie,Distant Whisper,Yuki Garcia,"Grace Nakamura, Carlos Park, Aiko Patel, Meera Costa",Italy,"July 22, 2018",2018,PG,105 min,Thrillers,A gripping story that follows unexpected turns as characters confront their past.
s771,Movie,Last Kingdom,Amara Johnson,,United States,"July 8, 2017",2017,TV-14,136 min,Thrillers,A heartfelt look at ordinary lives caught in extraordinary circumstances.
s338,Movie,Golden River,,"Carlos Garcia, Carlos Patel, Aiko Rossi",united states,"August 12, 2019",2018,TV-14,102 min,"Comedies, Dramas, Children & Family Movies","Set against a vivid backdrop, this tells a tale of ambition, loss, and reinvention."
s426,Movie,Forgotten Horizon,Kenji Kim,,Australia,"December 9, 2023",2009,TV-MA,78 min,Romantic Movies,A gripping story that follows unexpected turns as characters confront their past.
s804,TV Show,Frozen Kingdom: Files,,,Nigeria,"May 18, 2023",2019,TV-MA,1 Season,"Reality TV, TV Comedies","Set against a vivid backdrop, this tells a tale of ambition, loss, and reinvention."
s954,Movie,Burning Mirror,James Silva,"Priya Patel, Diego Patel, Amara Tanaka",United States,"February 10, 2023",2018,PG,153 min,"Documentaries, Action & Adventure",A gripping story that follows unexpected turns as characters confront their past.
s213,Movie,Wild Streets,,"Wei Johnson, Lucas Brown, Meera Fernandez",Mexico,"April 5, 2020",2018,PG-13,159 min,"Horror Movies, Action & Adventure",A heartfelt look at ordinary lives caught in extraordinary circumstances.
s619,TV Show,Shattered Storm: Chronicles,Carlos Tanaka,"Fatima Nakamura, Meera Nguyen, Sofia Rossi",France,"February 20, 2021",2021,TV-Y7,1 Season,"International TV Shows, TV Comedies","A tightly wound story exploring family, betrayal, and the search for belonging."
s116,Movie,Endless Legacy,,,Canada,"October 19, 2020",2017,TV-14,168 min,Sci-Fi & Fantasy,"Set against a vivid backdrop, this tells a tale of ambition, loss, and reinvention."
s159,Movie,Broken Symphony,Nina Müller,,South Korea,"September 11, 2023",2023,R,109 min,Romantic Movies,A heartfelt look at ordinary lives caught in extraordinary circumstances.
s82,TV Show,Hidden Shadows,,"Sofia Müller, Carlos Johnson",,"March 23, 2021",2017,TV-MA,1 Season,International TV Shows,An emotional journey that blends humor and heartbreak in equal measure.
s113,Movie,Golden Storm,Fatima Tanaka,,Japan,"April 2, 2021",2021,R,103 min,Independent Movies,"A tightly wound story exploring family, betrayal, and the search for belonging."
s37,Movie,Golden Skyline,,"Elena Dubois, Carlos Rossi, James Khan",United States,"March 1, 2021",2021,PG-13,145 min,"Dramas, Children & Family Movies","Set against a vivid backdrop, this tells a tale of ambition, loss, and reinvention."
s106,Movie,Crimson Empire,Liam Johnson,"Elena Nakamura, Lucas Nakamura",Brazil,"May 14, 2021",2011,R,131 min,"Horror Movies, Children & Family Movies",A gripping story that follows unexpected turns as characters confront their past.
s1250,Movie,Burning Empire,,"Sofia Khan, Aarav Dubois, Priya Brown, Lucas Garcia",Canada,"May 2, 2017",2014,PG,109 min,"Horror Movies, Children & Family Movies",An emotional journey that blends humor and heartbreak in equal measure.
s363,Movie,Endless Frontier,Noah Tanaka,,United States,"August 15, 2024",2005,TV-MA,67 min,Children & Family Movies,"A tightly wound story exploring family, betrayal, and the search for belonging."
s851,Movie,Forgotten Whisper,Diego Nguyen,,United States,"October 25, 2018",2013,R,125 min,"Horror Movies, Comedies",A gripping story that follows unexpected turns as characters confront their past.
s717,TV Show,Frozen Kingdom,,"Grace Nguyen, Noah Sharma, Aiko Sharma",Australia,"November 11, 2020",2007,TV-Y7,3 Seasons,TV Dramas,A gripping story that follows unexpected turns as characters confront their past.
s757,Movie,Golden Echoes,Diego Patel,"Liam Dubois, Daniel Tanaka, Lucas Cohen, Kenji Nakamura",Spain,"January 19, 2017",2009,R,70 min,"Documentaries, Dramas",A gripping story that follows unexpected turns as characters confront their past.
s734,Movie,Crimson Journey,Noah Cohen,,Spain,"January 26, 2023",2018,PG-13,98 min,"Dramas, Thrillers","Set against a vivid backdrop, this tells a tale of ambition, loss, and reinvention."
s759,Movie,Sacred Shadows,James Dubois,,Canada,"April 23, 2022",2022,R,179 min,"Independent Movies, Children & Family Movies, Action & Adventure","A tightly wound story exploring family, betrayal, and the search for belonging."
s366,TV Show,Dark Storm,,"Lucas Nguyen, Carlos Rossi",United States,"May 23, 2019",2011,TV-PG,2 Seasons,"Crime TV Shows, TV Action & Adventure","A tightly wound story exploring family, betrayal, and the search for belonging."
s857,TV Show,Crimson Symphony: Chronicles,,,United States,"July 10, 2020",2017,TV-14,3 Seasons,"Romantic TV Shows, Crime TV Shows, Kids' TV",A heartfelt look at ordinary lives caught in extraordinary circumstances.
s442,Movie,Distant Harbor,,"Priya Patel, Kenji Rossi, Kenji Park, James Tanaka",Japan,"December 19, 2022",2011,TV-14,82 min,"Horror Movies, Comedies","A tightly wound story exploring family, betrayal, and the search for belonging."
s1069,Movie,Golden Frontier,Fatima Khan,,United Kingdom,"November 20, 2024",2024,PG,99 min,Children & Family Movies,A suspenseful ride following a group determined to uncover the truth.
s744,Movie,Quiet Horizon,,"Elena Nakamura, Grace Fernandez, Lucas Rossi, Lucas Tanaka",India,"March 13, 2019",2018,TV-MA,130 min,"Independent Movies, Action & Adventure, Sci-Fi & Fantasy",A heartfelt look at ordinary lives caught in extraordinary circumstances.
s566,TV Show,Wild Journey: Chronicles,,"Noah Nakamura, Kenji Brown, Kenji Johnson",United States,"May 21, 2018",2012,TV-MA,3 Seasons,"Docuseries, Kids' TV",A gripping story that follows unexpected turns as characters confront their past.
s352,Movie,Dark Kingdom,Grace Park,"Wei Tanaka, Amara Khan, Noah Dubois, Elena Garcia, Carlos Johnson",  Brazil  ,"March 11, 2018",2006,TV-MA,81 min,Sci-Fi & Fantasy,An emotional journey that blends humor and heartbreak in equal measure.
s491,Movie,Golden River,,"Priya Sharma, Carlos Rossi, Amara Sharma, Sofia Brown, Grace Patel",United States,"June 20, 2018",2018,TV-MA,84 min,"Independent Movies, Horror Movies, Documentaries",A suspenseful ride following a group determined to uncover the truth.
s250,Movie,Golden Symphony,Noah Kim,"Aiko Khan, Aarav Nguyen, Daniel Nguyen",Germany,"October 23, 2018",2013,PG-13,167 min,Thrillers,"Set against a vivid backdrop, this tells a tale of ambition, loss, and reinvention."
s477,Movie,Broken Mirror,Lucas Nakamura,,Spain,"June 17, 2021",2010,PG-13,156 min,"Children & Family Movies, Dramas, Thrillers",An emotional journey that blends humor and heartbreak in equal measure.
s635,Movie,Quiet Promise,,"Fatima Brown, Sofia Patel, Sofia Silva, Amara Brown",United States,"June 24, 2019",2019,TV-14,168 min,"Thrillers, Documentaries",An emotional journey that blends humor and heartbreak in equal measure.
s1137,TV Show,Lost Kingdom,Amara Brown,,United States,"June 5, 2021",2021,TV-Y7,1 Season,"Anime Series, TV Comedies, Docuseries",A suspenseful ride following a group determined to uncover the truth.
s407,Movie,Crimson Promise,Carlos Müller,"Wei Nguyen, Diego Kim, Noah Dubois",Germany,"December 3, 2018",2009,R,147 min,Action & Adventure,A gripping story that follows unexpected turns as characters confront their past.
s1179,Movie,Shattered Journey,Sofia Kim,,United States,"April 18, 2019",2019,R,79 min,"Independent Movies, Sci-Fi & Fantasy","A tightly wound story exploring family, betrayal, and the search for belonging."
s165,Movie,Distant Promise,Amara Fernandez,"Noah Patel, Kenji Nakamura, Fatima Khan",France,"August 10, 2018",2016,R,152 min,"Children & Family Movies, Documentaries",A heartfelt look at ordinary lives caught in extraordinary circumstances.
s782,Movie,Crimson Skyline,Nina Nguyen,"Lucas Cohen, Aarav Nguyen, James Tanaka, Elena Nakamura",Germany,"December 16, 2020",2020,R,87 min,"Comedies, Independent Movies","Set against a vivid backdrop, this tells a tale of ambition, loss, and reinvention."
s455,TV Show,Golden Empire: Diaries,,"Priya Khan, Elena Garcia, Lucas Sharma",japan,"June 9, 2021",2021,TV-G,3 Seasons,"Anime Series, Kids' TV",A suspenseful ride following a group determined to uncover the truth.
s1148,Movie,Last Shadows,,"Priya Kim, Liam Sharma, Meera Sharma, Daniel Patel",,"December 27, 2015",2012,PG-13,128 min,Independent Movies,An emotional journey that blends humor and heartbreak in equal measure.
s1161,Movie,Endless Promise,Carlos Garcia,"Grace Khan, James Tanaka, Elena Brown, Daniel Garcia, James Garcia",India,"October 19, 2017",2015,NC-17,103 min,Comedies,"A tightly wound story exploring family, betrayal, and the search for belonging."
s1205,Movie,Forgotten Streets,Sofia Garcia,"Liam Costa, Aarav Nakamura",  Spain  ,"January 17, 2019",2019,R,82 min,"Action & Adventure, Sci-Fi & Fantasy, Romantic Movies",A gripping story that follows unexpected turns as characters confront their past.
s84,Movie,Quiet Garden,Noah Rossi,,South Korea,"December 13, 2019",2018,R,109 min,"Documentaries, Action & Adventure, Comedies",A heartfelt look at ordinary lives caught in extraordinary circumstances.
s231,Movie,Endless Streets,Liam Sharma,,united kingdom,"March 5, 2023",2023,R,156 min,Comedies,"Set against a vivid backdrop, this tells a tale of ambition, loss, and reinvention."
s296,TV Show,Frozen Shadows,,"Grace Müller, Meera Tanaka, Elena Kim, Nina Costa",United States,"November 6, 2022",2022,TV-G,5 Seasons,"Romantic TV Shows, Reality TV, International TV Shows",An emotional journey that blends humor and heartbreak in equal measure.
s653,Movie,Quiet Legacy,Nina Tanaka,"Carlos Patel, Daniel Park, Liam Cohen, Diego Silva",India,"March 21, 2020",2020,R,70 min,"Independent Movies, Dramas",An emotional journey that blends humor and heartbreak in equal measure.
s71,Movie,Crimson Whisper,Liam Garcia,,United Kingdom,"March 24, 2023",2023,PG-13,92 min,"Children & Family Movies, Independent Movies","Set against a vivid backdrop, this tells a tale of ambition, loss, and reinvention."
s644,Movie,Wild Whisper,Kenji Cohen,,United States,"December 14, 2020",2020,R,160 min,"Romantic Movies, Children & Family Movies",An emotional journey that blends humor and heartbreak in equal measure.
s821,TV Show,Golden Streets,,"Priya Sharma, Diego Patel, Kenji Dubois",Germany,"March 16, 2018",2005,TV-MA,2 Seasons,Anime Series,A suspenseful ride following a group determined to uncover the truth.
s611,TV Show,Wild Empire,,"James Nguyen, Lucas Park",United States,"October 2, 2020",2015,TV-14,1 Season,"Kids' TV, TV Comedies","Set against a vivid backdrop, this tells a tale of ambition, loss, and reinvention."
s1044,TV Show,Golden Frontier: Diaries,,,India,"July 7, 2019",2018,TV-PG,3 Seasons,"TV Action & Adventure, TV Dramas","Set against a vivid backdrop, this tells a tale of ambition, loss, and reinvention."
s65,Movie,Hidden River,Priya Tanaka,,Canada,"December 5, 2018",2018,R,81 min,"Thrillers, Romantic Movies, Independent Movies",A gripping story that follows unexpected turns as characters confront their past.
s1186,Movie,Silent Streets,,"Lucas Dubois, Sofia Cohen",United States,"May 6, 2018",2006,TV-MA,168 min,"Comedies, Documentaries, Horror Movies","A tightly wound story exploring family, betrayal, and the search for belonging."
s1228,Movie,Lost Mirror,,"Liam Silva, Carlos Nakamura, Aarav Garcia, Lucas Patel",Australia,"December 18, 2017",2012,PG-13,81 min,"Comedies, Dramas, Sci-Fi & Fantasy",A suspenseful ride following a group determined to uncover the truth.
s853,Movie,Frozen Whisper,,"Fatima Garcia, Priya Sharma",United States,"June 4, 2018",2010,PG,161 min,"Children & Family Movies, Romantic Movies","Set against a vivid backdrop, this tells a tale of ambition, loss, and reinvention."
s411,Movie,Silent Journey,James Nakamura,,United Kingdom,"July 7, 2024",2007,PG,136 min,"Children & Family Movies, Action & Adventure, Dramas",A gripping story that follows unexpected turns as characters confront their past.
s993,Movie,Endless Frontier,Kenji Nguyen,"Daniel Costa, James Nguyen, Priya Kim, Wei Dubois, Wei Silva",,"July 25, 2017",2012,PG,111 min,"Independent Movies, Romantic Movies",A suspenseful ride following a group determined to uncover the truth.
s1173,TV Show,Broken Journey: Diaries,,,South Korea,"August 22, 2023",2023,TV-MA,5 Seasons,"International TV Shows, Romantic TV Shows","Set against a vivid backdrop, this tells a tale of ambition, loss, and reinvention."
s128,TV Show,Sacred River,Aarav Cohen,"Sofia Patel, James Tanaka, Yuki Rossi, Nina Müller, James Nguyen",Germany,"November 13, 2019",2019,TV-14,1 Season,Reality TV,"A tightly wound story exploring family, betrayal, and the search for belonging."
s339,Movie,Quiet Harbor,,"Grace Sharma, Fatima Johnson, Priya Kim, Noah Fernandez",Canada,"September 18, 2017",2006,PG-13,92 min,Dramas,"A tightly wound story exploring family, betrayal, and the search for belonging."
s2,Movie,Broken Frontier,,"Yuki Tanaka, Amara Müller, Lucas Dubois",Spain,"November 14, 2014",2010,R,159 min,Documentaries,A suspenseful ride following a group determined to uncover the truth.
s44,Movie,Quiet Kingdom,Fatima Patel,,France,"November 16, 2020",2020,R,129 min,"Documentaries, Thrillers","Set against a vivid backdrop, this tells a tale of ambition, loss, and reinvention."
s540,Movie,Burning River,Wei Costa,"Aarav Park, Kenji Dubois",  United Kingdom  ,"December 19, 2019",2016,TV-MA,130 min,"Romantic Movies, Sci-Fi & Fantasy","A tightly wound story exploring family, betrayal, and the search for belonging."
s602,TV Show,Silent Garden,,"Aiko Costa, Yuki Nguyen",Germany,"March 16, 2021",2006,TV-14,1 Season,"Reality TV, TV Dramas",An emotional journey that blends humor and heartbreak in equal measure.
s966,TV Show,Silent Promise,,"Sofia Rossi, Diego Khan, Aiko Kim, Yuki Nguyen",,"October 10, 2019",2012,TV-MA,1 Season,Docuseries,"A tightly wound story exploring family, betrayal, and the search for belonging."
s1140,Movie,Frozen Echoes,Meera Brown,"Wei Garcia, Elena Fernandez",India,"February 2, 2020",2015,TV-MA,62 min,Documentaries,A suspenseful ride following a group determined to uncover the truth.
s172,Movie,Crimson Journey,Amara Nguyen,"Kenji Brown, Carlos Tanaka, Carlos Sharma",United States,"March 18, 2023",2019,PG-13,110 min,Independent Movies,"A tightly wound story exploring family, betrayal, and the search for belonging."
s418,Movie,Hidden Promise,Priya Müller,,Canada,"January 9, 2021",2010,PG-13,81 min,Children & Family Movies,An emotional journey that blends humor and heartbreak in equal measure.
s838,Movie,Burning Symphony,Nina Kim,"Elena Fernandez, Meera Cohen, James Costa, James Silva, Sofia Fernandez",United States,"November 11, 2021",2007,TV-MA,120 min,Comedies,A gripping story that follows unexpected turns as characters confront their past.
s1168,Movie,Last Frontier,,,Brazil,"February 11, 2022",2012,TV-14,131 min,"Comedies, Children & Family Movies",A suspenseful ride following a group determined to uncover the truth.
s807,Movie,Burning Garden,Liam Nguyen,"Elena Khan, Priya Dubois, James Fernandez, Sofia Garcia",Canada,"December 20, 2014",2011,PG-13,98 min,Thrillers,"Set against a vivid backdrop, this tells a tale of ambition, loss, and reinvention."
s883,Movie,Burning Streets,James Patel,"Kenji Rossi, Yuki Nakamura",India,"June 21, 2024",2024,TV-14,172 min,"Action & Adventure, Sci-Fi & Fantasy",An emotional journey that blends humor and heartbreak in equal measure.
s638,Movie,Crimson Frontier,,"Elena Park, James Rossi, Priya Müller, Noah Garcia, Sofia Costa",,"April 9, 2019",2009,R,92 min,"Thrillers, Horror Movies, Dramas",A gripping story that follows unexpected turns as characters confront their past.
s424,TV Show,Wild Frontier,,"Fatima Nakamura, Noah Garcia",United States,"March 10, 2024",2024,TV-Y7,3 Seasons,"Reality TV, Romantic TV Shows",An emotional journey that blends humor and heartbreak in equal measure.
s728,Movie,Wild Frontier,Lucas Park,"Aarav Garcia, Liam Fernandez, Carlos Müller",south korea,"May 24, 2021",2014,R,93 min,"Thrillers, Horror Movies",A heartfelt look at ordinary lives caught in extraordinary circumstances.
s968,TV Show,Crimson Symphony: Diaries,,,India,"March 16, 2021",2015,TV-MA,3 Seasons,"International TV Shows, TV Comedies, TV Dramas",A gripping story that follows unexpected turns as characters confront their past.
s377,Movie,Endless Harbor,Noah Sharma,,Australia,"April 4, 2020",2007,TV-MA,139 min,"Romantic Movies, Thrillers, Documentaries","A tightly wound story exploring family, betrayal, and the search for belonging."
s525,TV Show,Sacred Horizon,Elena Nguyen,"Liam Brown, Meera Park, Aarav Kim, Grace Müller, Wei Silva",United States,"May 20, 2018",2006,TV-Y7,3 Seasons,"Kids' TV, International TV Shows","Set against a vivid backdrop, this tells a tale of ambition, loss, and reinvention."
s439,TV Show,Endless Kingdom,,,United States,"December 19, 2020",2011,TV-MA,1 Season,"TV Dramas, TV Action & Adventure, TV Comedies",An emotional journey that blends humor and heartbreak in equal measure.
s1098,Movie,Broken Mirror,Daniel Rossi,,United States,"May 21, 2017",2013,G,156 min,Comedies,A gripping story that follows unexpected turns as characters confront their past.
s151,Movie,Golden Skyline,Aiko Müller,"Nina Park, James Silva, Priya Park",United States,"December 2, 2018",2015,PG,149 min,"Action & Adventure, Children & Family Movies","A tightly wound story exploring family, betrayal, and the search for belonging."
s1153,Movie,Shattered Promise,Nina Khan,"Sofia Dubois, Priya Cohen, James Müller",United States,"June 21, 2024",2024,R,73 min,"Documentaries, Romantic Movies",A heartfelt look at ordinary lives caught in extraordinary circumstances.
s982,TV Show,Last Journey,,"Liam Johnson, Kenji Fernandez",United States,"April 24, 2020",2006,TV-MA,1 Season,"TV Dramas, International TV Shows, Crime TV Shows",An emotional journey that blends humor and heartbreak in equal measure.
s955,Movie,Lost Empire,,"Diego Khan, Sofia Garcia",India,"November 1, 2023",2018,PG-13,87 min,"Sci-Fi & Fantasy, Romantic Movies","Set against a vivid backdrop, this tells a tale of ambition, loss, and reinvention."
s1145,Movie,Golden Legacy,James Tanaka,,Germany,"August 1, 2016",2016,TV-MA,135 min,"Comedies, Sci-Fi & Fantasy, Dramas",An emotional journey that blends humor and heartbreak in equal measure.
s144,Movie,Endless Journey,Sofia Dubois,"Nina Kim, Fatima Müller, Meera Park, Liam Nakamura, Daniel Cohen",South Korea,"December 15, 2019",2014,R,144 min,"Independent Movies, Thrillers, Romantic Movies","Set against a vivid backdrop, this tells a tale of ambition, loss, and reinvention."
s718,Movie,Quiet Echoes,Nina Nguyen,,Canada,"June 3, 2024",2024,TV-14,95 min,"Horror Movies, Documentaries",A heartfelt look at ordinary lives caught in extraordinary circumstances.
s527,TV Show,Frozen Garden: Case,,"Diego Rossi, Noah Nakamura, Nina Costa",South Korea,"September 7, 2016",2007,TV-PG,3 Seasons,"Anime Series, TV Action & Adventure","A tightly wound story exploring family, betrayal, and the search for belonging."
s584,Movie,Shattered Harbor,Aarav Cohen,"Nina Brown, Elena Kim, Priya Johnson, Priya Nguyen",Mexico,"March 12, 2020",2015,PG-13,97 min,Thrillers,"A tightly wound story exploring family, betrayal, and the search for belonging."
s976,TV Show,Dark Mirror,,,United Kingdom,"December 17, 2022",2008,TV-MA,5 Seasons,"Docuseries, Reality TV, TV Dramas","A tightly wound story exploring family, betrayal, and the search for belonging."
s567,Movie,Sacred Echoes,Carlos Cohen,"Nina Dubois, Sofia Sharma, Noah Garcia, Priya Cohen, Noah Park",United States,"June 16, 2021",2006,R,108 min,"Dramas, Sci-Fi & Fantasy","A tightly wound story exploring family, betrayal, and the search for belonging."
s441,Movie,Endless Mirror,Yuki Cohen,"Yuki Rossi, Grace Kim, Diego Patel",  Germany  ,"September 6, 2019",2006,PG,118 min,"Documentaries, Comedies",A suspenseful ride following a group determined to uncover the truth.
s175,TV Show,Burning Mirror,,"Fatima Khan, Priya Johnson, Noah Cohen, Carlos Dubois",France,"February 15, 2020",2011,TV-Y7,1 Season,"Kids' TV, TV Dramas","Set against a vivid backdrop, this tells a tale of ambition, loss, and reinvention."
s1074,Movie,Distant Legacy,James Brown,"Aarav Garcia, Grace Garcia, Nina Rossi, Diego Garcia",United States,"August 2, 2017",2014,TV-14,85 min,"Documentaries, Comedies",A gripping story that follows unexpected turns as characters confront their past.
s124,TV Show,Distant Symphony,,"Carlos Garcia, Diego Costa, Wei Nguyen, Sofia Brown, Wei Dubois",South Korea,"November 6, 2016",2008,TV-14,2 Seasons,TV Dramas,A heartfelt look at ordinary lives caught in extraordinary circumstances.
s139,TV Show,Forgotten Storm: Diaries,,"Fatima Tanaka, Daniel Johnson",United States,"February 24, 2020",2008,TV-14,4 Seasons,"TV Dramas, International TV Shows",An emotional journey that blends humor and heartbreak in equal measure.
s880,Movie,Forgotten Storm,Carlos Johnson,,Australia,"April 25, 2021",2013,PG-13,164 min,"Horror Movies, Dramas",A heartfelt look at ordinary lives caught in extraordinary circumstances.
s733,Movie,Lost Shadows,Aiko Sharma,"Liam Costa, Noah Patel",india,"March 12, 2020",2009,R,124 min,Sci-Fi & Fantasy,A gripping story that follows unexpected turns as characters confront their past.
s625,Movie,Crimson Frontier,,"Fatima Garcia, James Dubois, James Patel, Noah Sharma, Meera Silva",,"May 12, 2022",2021,PG-13,80 min,Dramas,A suspenseful ride following a group determined to uncover the truth.
s785,Movie,Sacred Symphony,Priya Cohen,"Priya Park, Amara Cohen",,"October 17, 2023",2007,PG,71 min,"Romantic Movies, Action & Adventure","Set against a vivid backdrop, this tells a tale of ambition, loss, and reinvention."
s183,Movie,Lost Storm,Grace Brown,"James Khan, James Nakamura, Daniel Fernandez, Kenji Rossi, Nina Park",United Kingdom,"September 2, 2024",2024,R,140 min,"Romantic Movies, Horror Movies, Dramas",A suspenseful ride following a group determined to uncover the truth.
s618,TV Show,Quiet Journey,,"Kenji Nakamura, Sofia Silva, Liam Tanaka, Daniel Garcia, Elena Kim",united states,"November 23, 2021",2009,TV-PG,1 Season,"TV Action & Adventure, Reality TV, TV Dramas",A gripping story that follows unexpected turns as characters confront their past.
s691,Movie,Golden Frontier,,"Carlos Fernandez, Noah Dubois",India,"August 23, 2018",2013,R,115 min,Independent Movies,"A tightly wound story exploring family, betrayal, and the search for belonging."
s241,Movie,Dark Skyline,,,South Korea,"May 19, 2022",2022,G,174 min,"Documentaries, Romantic Movies",A heartfelt look at ordinary lives caught in extraordinary circumstances.
s459,Movie,Last River,Aiko Nakamura,,United States,"April 6, 2019",2019,PG-13,165 min,"Thrillers, Romantic Movies",A suspenseful ride following a group determined to uncover the truth.
s682,Movie,Last Journey,,"James Müller, Diego Sharma, Wei Costa, Noah Costa, Aarav Park",,"November 18, 2017",2006,R,177 min,Action & Adventure,"Set against a vivid backdrop, this tells a tale of ambition, loss, and reinvention."
s466,TV Show,Silent Promise: Case,,"Kenji Müller, Diego Khan, Priya Rossi, Meera Khan, Daniel Johnson",United Kingdom,"April 13, 2020",2008,TV-14,1 Season,TV Comedies,A suspenseful ride following a group determined to uncover the truth.
s146,TV Show,Dark Garden,,,Australia,"April 7, 2021",2010,TV-G,2 Seasons,TV Dramas,A heartfelt look at ordinary lives caught in extraordinary circumstances.
s207,Movie,Sacred Journey,Elena Kim,"Aiko Cohen, James Brown, Elena Costa, Sofia Garcia, Carlos Khan",Nigeria,"October 7, 2021",2015,TV-MA,153 min,Independent Movies,An emotional journey that blends humor and heartbreak in equal measure.
s1103,TV Show,Distant Whisper,,"Sofia Rossi, Wei Sharma, Lucas Silva",Canada,"October 19, 2022",2005,TV-MA,2 Seasons,"Kids' TV, International TV Shows","A tightly wound story exploring family, betrayal, and the search for belonging."
s325,Movie,Quiet Mirror,Aiko Müller,"Sofia Nakamura, Elena Costa, Liam Khan, James Nakamura",United States,"March 27, 2014",2010,R,178 min,"Horror Movies, Independent Movies, Romantic Movies","A tightly wound story exploring family, betrayal, and the search for belonging."
s658,Movie,Broken Horizon,Meera Müller,,india,"December 18, 2024",2019,TV-MA,120 min,Independent Movies,An emotional journey that blends humor and heartbreak in equal measure.
s1163,Movie,Wild Symphony,,"Lucas Kim, Daniel Nakamura, Liam Garcia, Sofia Silva",United Kingdom,"November 27, 2022",2022,R,150 min,Sci-Fi & Fantasy,An emotional journey that blends humor and heartbreak in equal measure.
s715,TV Show,Quiet Horizon,,"Nina Garcia, Yuki Costa",Spain,"July 14, 2019",2010,TV-14,2 Seasons,"Romantic TV Shows, Reality TV, Docuseries","Set against a vivid backdrop, this tells a tale of ambition, loss, and reinvention."
s1175,Movie,Quiet Mirror,,"Meera Tanaka, Wei Nakamura, Nina Khan, Daniel Kim, Sofia Brown",  India  ,"February 26, 2021",2018,TV-MA,67 min,"Sci-Fi & Fantasy, Thrillers",A suspenseful ride following a group determined to uncover the truth.
s80,Movie,Burning Garden,Nina Kim,"Kenji Tanaka, Diego Costa, Noah Silva",Spain,"February 11, 2024",2010,PG-13,129 min,"Action & Adventure, Children & Family Movies","Set against a vivid backdrop, this tells a tale of ambition, loss, and reinvention."
s1159,TV Show,Burning Mirror,,,United States,"June 2, 2023",2023,TV-Y7,1 Season,"Kids' TV, TV Dramas, Reality TV",An emotional journey that blends humor and heartbreak in equal measure.
s688,Movie,Frozen Journey,Priya Khan,"Aiko Nguyen, Liam Brown, Liam Khan, Lucas Nakamura, Priya Dubois",India,"April 11, 2015",2011,R,161 min,"Action & Adventure, Horror Movies",An emotional journey that blends humor and heartbreak in equal measure.
s167,Movie,Quiet Kingdom,,,United States,"March 27, 2017",2010,R,65 min,"Romantic Movies, Action & Adventure",A gripping story that follows unexpected turns as characters confront their past.
s230,Movie,Last Streets,Fatima Patel,"Nina Tanaka, Sofia Patel, Nina Fernandez, Daniel Khan",,"October 7, 2019",2007,R,133 min,"Action & Adventure, Thrillers",A suspenseful ride following a group determined to uncover the truth.
s1224,TV Show,Sacred Shadows,,,,"June 18, 2022",2022,TV-MA,5 Seasons,Docuseries,A suspenseful ride following a group determined to uncover the truth.
s1126,Movie,Endless Frontier,Diego Cohen,"Daniel Rossi, Diego Costa",India,"June 6, 2014",2012,R,153 min,"Documentaries, Comedies","Set against a vivid backdrop, this tells a tale of ambition, loss, and reinvention."
s741,Movie,Crimson Skyline,Amara Johnson,"Grace Rossi, James Sharma, Nina Khan",United States,"February 13, 2022",2012,PG-13,126 min,"Horror Movies, Comedies, Dramas",A heartfelt look at ordinary lives caught in extraordinary circumstances.
s101,Movie,Distant Whisper,Meera Kim,,united kingdom,"August 23, 2021",2011,PG,77 min,"Horror Movies, Independent Movies",A gripping story that follows unexpected turns as characters confront their past.
s291,Movie,Dark Legacy,Meera Nguyen,,Spain,"February 12, 2018",2013,PG,179 min,Action & Adventure,A gripping story that follows unexpected turns as characters confront their past.
s445,Movie,Dark Journey,Daniel Cohen,"Daniel Müller, Sofia Nakamura, Grace Khan",India,"July 23, 2016",2007,TV-MA,150 min,"Comedies, Documentaries, Horror Movies","A tightly wound story exploring family, betrayal, and the search for belonging."
s879,Movie,Dark Echoes,Lucas Rossi,"Wei Fernandez, Diego Dubois, Yuki Costa, James Costa",Australia,"April 16, 2021",2005,PG-13,100 min,Romantic Movies,"A tightly wound story exploring family, betrayal, and the search for belonging."
s1078,TV Show,Silent Storm,,"Elena Johnson, Amara Khan",South Korea,"April 14, 2017",2016,TV-14,3 Seasons,"International TV Shows, TV Comedies","A tightly wound story exploring family, betrayal, and the search for belonging."
s740,Movie,Last Garden,Yuki Khan,"Elena Patel, James Johnson",United States,"April 19, 2018",2010,R,103 min,"Sci-Fi & Fantasy, Children & Family Movies",A gripping story that follows unexpected turns as characters confront their past.
s392,TV Show,Silent Kingdom,,,France,"May 22, 2018",2018,TV-MA,1 Season,"Kids' TV, TV Comedies",A heartfelt look at ordinary lives caught in extraordinary circumstances.
s87,Movie,Broken River,,,Australia,"January 6, 2017",2017,PG-13,149 min,"Thrillers, Sci-Fi & Fantasy",A suspenseful ride following a group determined to uncover the truth.
s462,Movie,Broken River,,"Meera Cohen, Grace Johnson, Kenji Silva",South Korea,"January 6, 2024",2024,PG-13,105 min,"Comedies, Sci-Fi & Fantasy","A tightly wound story exploring family, betrayal, and the search for belonging."
s667,TV Show,Dark Shadows,Daniel Park,"Carlos Sharma, Wei Dubois",United States,"January 11, 2023",2023,TV-MA,2 Seasons,"Crime TV Shows, Docuseries","Set against a vivid backdrop, this tells a tale of ambition, loss, and reinvention."
s1143,TV Show,Shattered Journey,,"Kenji Garcia, Wei Johnson",Japan,"October 26, 2021",2015,TV-14,2 Seasons,TV Dramas,"Set against a vivid backdrop, this tells a tale of ambition, loss, and reinvention."
s476,Movie,Forgotten Frontier,Meera Khan,"Meera Brown, Daniel Costa",Japan,"February 18, 2022",2018,PG,126 min,Children & Family Movies,An emotional journey that blends humor and heartbreak in equal measure.
s45,TV Show,Distant Empire: Tapes,,"Fatima Rossi, Elena Müller, Nina Patel, Nina Silva",Germany,"February 2, 2020",2020,TV-MA,2 Seasons,International TV Shows,A gripping story that follows unexpected turns as characters confront their past.
s789,Movie,Crimson Storm,,"Elena Silva, James Johnson, Amara Dubois",United Kingdom,"March 24, 2017",2015,PG-13,79 min,"Romantic Movies, Comedies",An emotional journey that blends humor and heartbreak in equal measure.
s1003,TV Show,Broken River,,"Carlos Müller, Lucas Cohen, Kenji Nakamura, Meera Khan",India,"July 7, 2021",2021,TV-Y7,6 Seasons,"TV Action & Adventure, TV Comedies, Docuseries",A suspenseful ride following a group determined to uncover the truth.
s25,TV Show,Quiet Journey,,"Liam Tanaka, James Nakamura, Meera Tanaka",united states,"October 3, 2019",2014,TV-PG,2 Seasons,"Romantic TV Shows, International TV Shows",An emotional journey that blends humor and heartbreak in equal measure.
s833,TV Show,Hidden Harbor,Aarav Sharma,"Grace Fernandez, Elena Park, Elena Brown, Carlos Brown, James Costa",Australia,"April 9, 2019",2012,TV-14,4 Seasons,"Crime TV Shows, Docuseries, Romantic TV Shows",A suspenseful ride following a group determined to uncover the truth.
s592,Movie,Broken Frontier,Kenji Müller,"Meera Tanaka, Elena Costa, Yuki Brown, Wei Patel",India,"June 20, 2022",2022,TV-MA,73 min,"Documentaries, Independent Movies, Dramas","A tightly wound story exploring family, betrayal, and the search for belonging."
s1246,Movie,Endless Legacy,,"Elena Sharma, Grace Rossi, Wei Garcia, Yuki Cohen",  United States  ,"October 19, 2020",2018,PG-13,60 min,"Action & Adventure, Comedies","A tightly wound story exploring family, betrayal, and the search for belonging."
s974,TV Show,Distant Harbor,,"Meera Khan, Daniel Nakamura, Lucas Khan",Canada,"December 16, 2020",2016,TV-MA,1 Season,"Reality TV, Docuseries",A suspenseful ride following a group determined to uncover the truth.
s1057,Movie,Broken Harbor,Lucas Brown,"Aiko Johnson, Wei Johnson, James Costa, Fatima Müller, Grace Nakamura",France,"November 22, 2018",2018,PG-13,83 min,"Comedies, Sci-Fi & Fantasy","A tightly wound story exploring family, betrayal, and the search for belonging."
s110,Movie,Silent Streets,,,United States,"March 26, 2017",2005,R,117 min,"Children & Family Movies, Horror Movies",A suspenseful ride following a group determined to uncover the truth.
s223,TV Show,Last Harbor,,,United Kingdom,"August 20, 2018",2006,TV-MA,3 Seasons,"TV Action & Adventure, Reality TV, Kids' TV","A tightly wound story exploring family, betrayal, and the search for belonging."
s1053,Movie,Endless Skyline,,"James Dubois, Grace Patel, Amara Tanaka, Lucas Müller, Noah Brown",United States,"September 9, 2022",2012,PG,134 min,"Independent Movies, Action & Adventure",A heartfelt look at ordinary lives caught in extraordinary circumstances.
s723,TV Show,Frozen Empire: Diaries,,"Carlos Patel, Aarav Nguyen, Grace Rossi, Amara Brown, Sofia Garcia",United Kingdom,"October 9, 2017",2010,TV-14,2 Seasons,Docuseries,An emotional journey that blends humor and heartbreak in equal measure.
s56,Movie,Quiet Symphony,Liam Kim,"Grace Garcia, Yuki Müller, James Costa, Wei Costa, Daniel Silva",South Korea,"March 15, 2016",2012,PG-13,93 min,Sci-Fi & Fantasy,A heartfelt look at ordinary lives caught in extraordinary circumstances.
s1248,Movie,Distant Echoes,Aarav Kim,"Grace Müller, Aiko Khan, Carlos Johnson",,"May 7, 2021",2020,G,127 min,"Independent Movies, Horror Movies",A suspenseful ride following a group determined to uncover the truth.
s254,Movie,Crimson Garden,Yuki Müller,,,"July 15, 2021",2012,TV-MA,84 min,Independent Movies,"A tightly wound story exploring family, betrayal, and the search for belonging."
s1073,Movie,Dark Empire,,"Noah Nakamura, Priya Silva, James Patel",Japan,"February 21, 2018",2009,R,171 min,"Dramas, Independent Movies, Documentaries",A suspenseful ride following a group determined to uncover the truth.
s643,TV Show,Distant Skyline,,"Aarav Johnson, James Costa, Carlos Johnson, Kenji Nguyen, Aarav Rossi",Mexico,"April 14, 2019",2007,TV-14,2 Seasons,"Docuseries, Kids' TV",A suspenseful ride following a group determined to uncover the truth.
s546,Movie,Dark Horizon,,"Carlos Nakamura, Liam Fernandez, Liam Kim",United States,"June 1, 2024",2024,R,79 min,"Sci-Fi & Fantasy, Independent Movies",An emotional journey that blends humor and heartbreak in equal measure.
s478,Movie,Broken Whisper,,"Lucas Brown, Aarav Fernandez",germany,"October 26, 2023",2023,R,140 min,Children & Family Movies,A suspenseful ride following a group determined to uncover the truth.
s950,TV Show,Last Streets: Files,,"Lucas Garcia, Elena Costa, Liam Khan",United States,"June 22, 2023",2023,TV-MA,2 Seasons,"Crime TV Shows, Anime Series","A tightly wound story exploring family, betrayal, and the search for belonging."
s844,Movie,Broken Empire,Meera Sharma,,Canada,"November 24, 2023",2021,PG,87 min,"Romantic Movies, Independent Movies, Thrillers",An emotional journey that blends humor and heartbreak in equal measure.
s64,TV Show,Sacred Shadows,,"Aiko Rossi, Noah Fernandez, Aiko Rossi, Sofia Brown",brazil,"November 23, 2021",2007,TV-Y7,1 Season,"Romantic TV Shows, Kids' TV, Docuseries",An emotional journey that blends humor and heartbreak in equal measure.
s414,Movie,Distant Legacy,James Kim,,United States,"July 6, 2020",2014,PG,102 min,"Horror Movies, Sci-Fi & Fantasy",A suspenseful ride following a group determined to uncover the truth.
s385,TV Show,Golden Empire,,"Wei Dubois, Liam Park, Grace Garcia, Grace Park",Spain,"August 22, 2023",2015,TV-PG,3 Seasons,TV Comedies,A gripping story that follows unexpected turns as characters confront their past.
s975,Movie,Endless Skyline,Lucas Brown,,India,"October 7, 2020",2014,PG,143 min,Thrillers,A gripping story that follows unexpected turns as characters confront their past.
s885,TV Show,Shattered Horizon,,"Meera Silva, Carlos Khan, Amara Fernandez",,"November 21, 2023",2023,TV-14,4 Seasons,International TV Shows,"Set against a vivid backdrop, this tells a tale of ambition, loss, and reinvention."
s452,TV Show,Dark River,,"Amara Sharma, Aiko Johnson",United Kingdom,"April 3, 2021",2021,TV-G,1 Season,TV Comedies,A gripping story that follows unexpected turns as characters confront their past.
s657,TV Show,Wild River,Grace Tanaka,"Kenji Park, Aiko Sharma, Kenji Müller, Amara Patel, Kenji Rossi",Spain,"August 25, 2022",2022,TV-MA,5 Seasons,"Reality TV, Crime TV Shows, Kids' TV","Set against a vivid backdrop, this tells a tale of ambition, loss, and reinvention."
s370,TV Show,Hidden Garden,,"James Park, James Müller, Amara Garcia, James Tanaka",United Kingdom,"April 26, 2018",2018,TV-PG,4 Seasons,Romantic TV Shows,An emotional journey that blends humor and heartbreak in equal measure.
s690,Movie,Last Mirror,James Fernandez,"Fatima Dubois, Carlos Sharma, Diego Tanaka, Carlos Dubois, Sofia Tanaka",United States,"July 20, 2018",2014,PG-13,145 min,"Independent Movies, Romantic Movies",An emotional journey that blends humor and heartbreak in equal measure.
s220,Movie,Distant Echoes,Nina Brown,"Fatima Dubois, Sofia Nakamura",United States,"November 3, 2016",2006,PG-13,146 min,"Sci-Fi & Fantasy, Independent Movies","A tightly wound story exploring family, betrayal, and the search for belonging."
s1207,Movie,Wild Echoes,Diego Patel,"Diego Kim, Aarav Cohen",United States,"August 7, 2024",2024,R,133 min,"Horror Movies, Sci-Fi & Fantasy, Children & Family Movies","A tightly wound story exploring family, betrayal, and the search for belonging."
s22,Movie,Crimson Frontier,Lucas Patel,,United Kingdom,"August 24, 2021",2006,TV-MA,103 min,Children & Family Movies,A gripping story that follows unexpected turns as characters confront their past.
s761,Movie,Golden Shadows,Diego Tanaka,"Aiko Kim, Amara Sharma, Carlos Silva, Fatima Müller",Canada,"October 1, 2015",2006,PG,157 min,Sci-Fi & Fantasy,"Set against a vivid backdrop, this tells a tale of ambition, loss, and reinvention."
s870,TV Show,Dark Symphony,,"Fatima Brown, Priya Silva, Yuki Nguyen",France,"December 6, 2018",2015,TV-14,1 Season,"TV Dramas, Docuseries, Crime TV Shows",A heartfelt look at ordinary lives caught in extraordinary circumstances.
s421,TV Show,Endless Harbor,,"Fatima Müller, Diego Müller",Canada,"July 23, 2022",2022,TV-MA,1 Season,TV Comedies,"Set against a vivid backdrop, this tells a tale of ambition, loss, and reinvention."
s200,Movie,Dark Promise,,"Sofia Dubois, Daniel Costa",India,"November 12, 2019",2019,TV-14,146 min,"Horror Movies, Sci-Fi & Fantasy","Set against a vivid backdrop, this tells a tale of ambition, loss, and reinvention."
s451,Movie,Broken Promise,Fatima Patel,"Wei Sharma, Nina Tanaka",,"August 14, 2023",2009,TV-MA,88 min,"Comedies, Horror Movies",A gripping story that follows unexpected turns as characters confront their past.
s1020,Movie,Silent Garden,Diego Nguyen,"Yuki Brown, Yuki Garcia, Daniel Nakamura, Sofia Tanaka, Aarav Garcia",India,"December 16, 2022",2022,PG,67 min,Documentaries,"Set against a vivid backdrop, this tells a tale of ambition, loss, and reinvention."
s912,Movie,Wild Mirror,Amara Müller,"Lucas Johnson, Aarav Rossi",India,"June 20, 2020",2010,PG-13,80 min,"Thrillers, Romantic Movies",A heartfelt look at ordinary lives caught in extraordinary circumstances.
s697,Movie,Lost Kingdom,Elena Sharma,,United States,"August 5, 2024",2024,R,103 min,Horror Movies,An emotional journey that blends humor and heartbreak in equal measure.
s812,Movie,Silent River,,"Lucas Garcia, Carlos Silva, Aarav Khan, Lucas Nguyen, Kenji Fernandez",,"October 7, 2018",2007,PG-13,134 min,Independent Movies,"A tightly wound story exploring family, betrayal, and the search for belonging."
s1244,Movie,Golden Storm,Priya Rossi,"Carlos Patel, Fatima Fernandez, Diego Patel, Fatima Nguyen",,"June 26, 2018",2018,R,176 min,Thrillers,A suspenseful ride following a group determined to uncover the truth.
s911,Movie,Golden Echoes,Meera Park,"Noah Costa, Daniel Dubois, Kenji Garcia, Priya Fernandez",Australia,"June 4, 2018",2008,PG-13,179 min,Action & Adventure,A suspenseful ride following a group determined to uncover the truth.
s1050,Movie,Distant Echoes,Daniel Silva,,United States,"June 14, 2018",2013,PG,76 min,Thrillers,"A tightly wound story exploring family, betrayal, and the search for belonging."
s506,Movie,Endless Frontier,Aarav Costa,,United States,"June 14, 2019",2005,G,83 min,Dramas,"Set against a vivid backdrop, this tells a tale of ambition, loss, and reinvention."
s1150,TV Show,Broken Empire,,,India,"October 12, 2016",2011,TV-14,2 Seasons,"Reality TV, Crime TV Shows, Anime Series",A heartfelt look at ordinary lives caught in extraordinary circumstances.
s406,Movie,Endless Frontier,Diego Müller,"Amara Müller, Lucas Rossi, Nina Müller, Wei Park, Noah Cohen",united states,"July 6, 2020",2015,TV-14,172 min,"Comedies, Children & Family Movies",An emotional journey that blends humor and heartbreak in equal measure.
s318,Movie,Forgotten Storm,Priya Johnson,"Carlos Nakamura, Aarav Rossi, Amara Kim, Noah Nakamura",South Korea,"May 18, 2014",2012,TV-MA,100 min,"Independent Movies, Horror Movies",A heartfelt look at ordinary lives caught in extraordinary circumstances.
s184,Movie,Crimson Journey,Wei Garcia,"Priya Brown, Liam Brown, Aiko Nakamura, Fatima Silva, Wei Nguyen",United States,"May 26, 2024",2013,PG,98 min,"Children & Family Movies, Horror Movies",A heartfelt look at ordinary lives caught in extraordinary circumstances.
s1121,Movie,Quiet Legacy,,,Germany,"August 6, 2018",2005,R,146 min,Sci-Fi & Fantasy,An emotional journey that blends humor and heartbreak in equal measure.
s1180,Movie,Endless Legacy,Wei Khan,"Grace Kim, Priya Johnson, Carlos Johnson",United States,"May 7, 2020",2017,R,153 min,"Independent Movies, Thrillers",A gripping story that follows unexpected turns as characters confront their past.
s610,TV Show,Shattered Promise,,"Kenji Garcia, Fatima Cohen, Grace Garcia",United States,"March 15, 2023",2005,TV-14,4 Seasons,TV Dramas,A gripping story that follows unexpected turns as characters confront their past.
s627,Movie,Burning Empire,Yuki Brown,"Kenji Brown, Yuki Müller, Carlos Dubois, Kenji Nakamura",Canada,"September 2, 2022",2020,R,106 min,Romantic Movies,"Set against a vivid backdrop, this tells a tale of ambition, loss, and reinvention."
s486,Movie,Quiet Legacy,,"Diego Brown, Amara Sharma, Kenji Rossi",United States,"March 24, 2019",2018,R,121 min,Action & Adventure,A gripping story that follows unexpected turns as characters confront their past.
s279,Movie,Dark Legacy,Sofia Nakamura,,United Kingdom,"September 24, 2021",2006,TV-MA,130 min,Children & Family Movies,A heartfelt look at ordinary lives caught in extraordinary circumstances.
s631,Movie,Hidden Kingdom,Carlos Nakamura,"Amara Müller, Elena Dubois",Australia,"July 1, 2020",2014,PG-13,66 min,"Romantic Movies, Documentaries",A suspenseful ride following a group determined to uncover the truth.
s21,Movie,Distant Empire,Fatima Müller,,Australia,"August 3, 2019",2007,PG-13,123 min,Comedies,"Set against a vivid backdrop, this tells a tale of ambition, loss, and reinvention."
s171,TV Show,Lost Legacy: Diaries,,"Priya Cohen, Priya Costa, Lucas Costa",United States,"June 16, 2024",2024,TV-PG,7 Seasons,Crime TV Shows,"Set against a vivid backdrop, this tells a tale of ambition, loss, and reinvention."
s902,Movie,Lost Shadows,Lucas Brown,"Amara Cohen, Yuki Patel, Aarav Patel, Liam Brown, Lucas Cohen",Japan,"April 19, 2017",2011,PG-13,149 min,"Dramas, Independent Movies","A tightly wound story exploring family, betrayal, and the search for belonging."
s1040,Movie,Burning Frontier,,,,"December 9, 2024",2021,R,76 min,"Sci-Fi & Fantasy, Action & Adventure",A suspenseful ride following a group determined to uncover the truth.
s177,Movie,Golden Horizon,,,United States,"January 9, 2023",2009,TV-MA,68 min,Independent Movies,An emotional journey that blends humor and heartbreak in equal measure.
s328,Movie,Broken Journey,,"Carlos Brown, Wei Silva",United Kingdom,"September 19, 2019",2019,TV-MA,87 min,"Horror Movies, Documentaries, Action & Adventure",A suspenseful ride following a group determined to uncover the truth.
s707,TV Show,Burning Promise: Diaries,,"James Nguyen, Fatima Park, Elena Johnson, Grace Kim",Germany,"March 19, 2017",2014,TV-MA,1 Season,"Docuseries, International TV Shows, Kids' TV","A tightly wound story exploring family, betrayal, and the search for belonging."
s471,TV Show,Frozen Legacy,,"Grace Cohen, Noah Dubois, Fatima Nguyen",Australia,"October 7, 2018",2012,TV-MA,2 Seasons,"Reality TV, Kids' TV",An emotional journey that blends humor and heartbreak in equal measure.
s1172,TV Show,Forgotten Empire,,,Brazil,"July 3, 2021",2019,TV-14,1 Season,"International TV Shows, Crime TV Shows",A heartfelt look at ordinary lives caught in extraordinary circumstances.
s267,Movie,Sacred Empire,Nina Fernandez,,United States,"May 21, 2022",2010,PG-13,71 min,"Comedies, Sci-Fi & Fantasy","A tightly wound story exploring family, betrayal, and the search for belonging."
s616,TV Show,Lost Promise: Tapes,,"Noah Costa, Nina Fernandez, Wei Cohen",India,"March 25, 2023",2017,TV-MA,2 Seasons,Romantic TV Shows,A heartfelt look at ordinary lives caught in extraordinary circumstances.
s131,Movie,Frozen Storm,Sofia Cohen,"Amara Tanaka, Liam Cohen, Grace Fernandez, Diego Park",United States,"April 15, 2020",2017,PG,121 min,Comedies,"A tightly wound story exploring family, betrayal, and the search for belonging."
s866,TV Show,Shattered Frontier: Chronicles,Lucas Costa,,,"January 20, 2023",2015,TV-14,1 Season,"Romantic TV Shows, Kids' TV",A gripping story that follows unexpected turns as characters confront their past.
s1219,Movie,Distant Storm,,,United States,"December 2, 2023",2007,TV-MA,72 min,Romantic Movies,"A tightly wound story exploring family, betrayal, and the search for belonging."
s1200,TV Show,Dark Symphony,,"Meera Johnson, Wei Nakamura, Priya Sharma, Carlos Khan",United States,"February 20, 2020",2006,TV-MA,6 Seasons,"Anime Series, TV Dramas",A gripping story that follows unexpected turns as characters confront their past.
s490,Movie,Distant Empire,Lucas Rossi,"Aarav Tanaka, Amara Rossi, Daniel Park",united states,"December 25, 2021",2021,R,135 min,"Documentaries, Thrillers",A gripping story that follows unexpected turns as characters confront their past.
s607,TV Show,Burning River,,"Lucas Brown, Priya Nakamura, Aarav Cohen, Nina Costa",India,"April 9, 2024",2024,TV-Y7,3 Seasons,"Crime TV Shows, Anime Series",An emotional journey that blends humor and heartbreak in equal measure.
s1165,TV Show,Shattered River,Lucas Nguyen,,India,"September 15, 2021",2010,TV-G,3 Seasons,"TV Action & Adventure, Kids' TV","Set against a vivid backdrop, this tells a tale of ambition, loss, and reinvention."
s417,Movie,Burning River,Elena Rossi,,united kingdom,"October 17, 2017",2012,PG-13,157 min,Romantic Movies,A suspenseful ride following a group determined to uncover the truth.
s153,Movie,Wild Journey,Aarav Kim,"Yuki Tanaka, Elena Garcia, Meera Brown, Yuki Park, Daniel Nguyen",japan,"May 27, 2023",2023,PG,79 min,Documentaries,A heartfelt look at ordinary lives caught in extraordinary circumstances.
s890,TV Show,Golden Journey,,"Noah Khan, Wei Kim, Grace Dubois, Noah Park, Aiko Rossi",South Korea,"June 15, 2021",2012,TV-MA,3 Seasons,"Anime Series, TV Dramas",A gripping story that follows unexpected turns as characters confront their past.
s850,Movie,Quiet Promise,Sofia Müller,"Grace Johnson, Priya Khan",Germany,"August 12, 2022",2022,PG,71 min,Romantic Movies,"A tightly wound story exploring family, betrayal, and the search for belonging."
s280,Movie,Forgotten Empire,,"Aarav Cohen, Wei Rossi, Nina Rossi, Fatima Cohen",,"May 14, 2018",2013,PG-13,78 min,"Action & Adventure, Children & Family Movies",A gripping story that follows unexpected turns as characters confront their past.
s1035,TV Show,Golden Storm,,,Brazil,"January 25, 2018",2012,TV-14,2 Seasons,"TV Action & Adventure, International TV Shows",A suspenseful ride following a group determined to uncover the truth.
s270,TV Show,Dark Whisper,,"Noah Nakamura, Sofia Khan, Diego Costa, Sofia Garcia",United States,"April 11, 2023",2023,TV-MA,2 Seasons,"Crime TV Shows, Kids' TV",An emotional journey that blends humor and heartbreak in equal measure.
s97,TV Show,Sacred Streets,,"Daniel Johnson, Meera Nguyen, Aiko Müller, Aiko Kim, Yuki Müller",Japan,"April 14, 2023",2010,TV-Y7,5 Seasons,"TV Action & Adventure, Reality TV, Crime TV Shows","Set against a vivid backdrop, this tells a tale of ambition, loss, and reinvention."
s211,TV Show,Dark Frontier,,"Carlos Nakamura, Sofia Costa, Kenji Fernandez, Wei Rossi, Yuki Garcia",Nigeria,"February 1, 2024",2023,TV-14,1 Season,Crime TV Shows,"A tightly wound story exploring family, betrayal, and the search for belonging."
s570,Movie,Last Journey,Priya Tanaka,"James Nakamura, Grace Garcia",United Kingdom,"March 17, 2020",2016,PG-13,124 min,"Dramas, Action & Adventure",An emotional journey that blends humor and heartbreak in equal measure.
s1225,Movie,Dark Whisper,Elena Nguyen,"Noah Rossi, Lucas Nakamura, Yuki Johnson",United States,"September 1, 2014",2005,TV-MA,161 min,Thrillers,"A tightly wound story exploring family, betrayal, and the search for belonging."
s872,Movie,Lost Kingdom,Yuki Dubois,,Italy,"July 9, 2015",2010,PG-13,162 min,Horror Movies,An emotional journey that blends humor and heartbreak in equal measure.
s533,Movie,Crimson Frontier,Diego Park,,Germany,"June 22, 2023",2021,R,109 min,"Comedies, Independent Movies, Documentaries","Set against a vivid backdrop, this tells a tale of ambition, loss, and reinvention."
s1222,Movie,Frozen Mirror,Elena Johnson,,,"April 7, 2019",2015,R,96 min,Thrillers,"Set against a vivid backdrop, this tells a tale of ambition, loss, and reinvention."
s1100,Movie,Wild River,,"Noah Müller, Diego Kim, Daniel Silva, Lucas Silva",Japan,"June 27, 2020",2012,R,97 min,"Thrillers, Comedies",An emotional journey that blends humor and heartbreak in equal measure.
s713,Movie,Endless Skyline,Amara Khan,"Elena Johnson, Lucas Nakamura, Noah Dubois",United Kingdom,"May 10, 2020",2015,R,107 min,Children & Family Movies,"A tightly wound story exploring family, betrayal, and the search for belonging."
s78,Movie,Frozen Empire,Liam Khan,,United States,"April 3, 2017",2011,TV-14,151 min,"Sci-Fi & Fantasy, Action & Adventure",A heartfelt look at ordinary lives caught in extraordinary circumstances.
s264,Movie,Endless Kingdom,,"Liam Müller, Diego Khan, Carlos Brown, Yuki Brown, Amara Park",India,"April 4, 2023",2007,R,72 min,"Sci-Fi & Fantasy, Thrillers","Set against a vivid backdrop, this tells a tale of ambition, loss, and reinvention."
s1171,Movie,Golden Legacy,Yuki Fernandez,,United States,"July 18, 2017",2014,R,137 min,Dramas,A gripping story that follows unexpected turns as characters confront their past.
s150,Movie,Lost River,Grace Johnson,"Aarav Nakamura, Daniel Dubois, Nina Rossi",India,"April 12, 2020",2020,TV-MA,151 min,Horror Movies,A gripping story that follows unexpected turns as characters confront their past.
s470,Movie,Broken Whisper,Sofia Nguyen,"Noah Fernandez, Kenji Rossi, Meera Brown, Liam Tanaka",Spain,"May 24, 2018",2013,TV-MA,70 min,Independent Movies,"A tightly wound story exploring family, betrayal, and the search for belonging."
s565,TV Show,Shattered Shadows: Circle,,"Fatima Park, James Kim, Lucas Patel, Kenji Brown, Yuki Sharma",Nigeria,"January 13, 2019",2010,TV-MA,2 Seasons,"Romantic TV Shows, Reality TV, Crime TV Shows",A heartfelt look at ordinary lives caught in extraordinary circumstances.
s462,Movie,Broken River,,"Meera Cohen, Grace Johnson, Kenji Silva",South Korea,"January 6, 2024",2024,PG-13,105 min,"Comedies, Sci-Fi & Fantasy","A tightly wound story exploring family, betrayal, and the search for belonging."
s897,Movie,Sacred Garden,Nina Brown,,France,"March 3, 2020",2009,TV-MA,77 min,"Horror Movies, Romantic Movies, Dramas","A tightly wound story exploring family, betrayal, and the search for belonging."
s696,Movie,Forgotten Legacy,Wei Patel,,United States,"November 7, 2024",2024,TV-14,80 min,Comedies,An emotional journey that blends humor and heartbreak in equal measure.
s1176,Movie,Endless Horizon,Carlos Cohen,"Nina Johnson, Daniel Patel, Kenji Sharma, Noah Sharma",Italy,"June 24, 2019",2010,TV-14,136 min,"Romantic Movies, Dramas",A heartfelt look at ordinary lives caught in extraordinary circumstances.
s929,Movie,Quiet Harbor,Noah Rossi,,Spain,"January 5, 2024",2019,TV-14,161 min,Documentaries,A gripping story that follows unexpected turns as characters confront their past.
s587,TV Show,Silent River: Circle,,,United States,"May 17, 2016",2016,TV-14,2 Seasons,"Crime TV Shows, TV Dramas",A gripping story that follows unexpected turns as characters confront their past.
s244,TV Show,Distant River: Diaries,,"Lucas Khan, Meera Garcia, Elena Sharma, Carlos Tanaka, Priya Nakamura",Mexico,"August 2, 2019",2007,TV-G,2 Seasons,"TV Comedies, TV Dramas",A heartfelt look at ordinary lives caught in extraordinary circumstances.
s1112,TV Show,Forgotten Whisper: Diaries,,"Meera Tanaka, Daniel Johnson",  Japan  ,"November 2, 2023",2019,TV-MA,3 Seasons,International TV Shows,"Set against a vivid backdrop, this tells a tale of ambition, loss, and reinvention."
s752,TV Show,Broken Shadows,,"Lucas Rossi, Fatima Tanaka, Lucas Müller, Yuki Sharma, Sofia Fernandez",United Kingdom,"July 16, 2022",2022,TV-14,4 Seasons,Reality TV,"Set against a vivid backdrop, this tells a tale of ambition, loss, and reinvention."
s649,TV Show,Distant Skyline: Tapes,,"Yuki Khan, Liam Cohen",India,"March 18, 2020",2020,TV-G,4 Seasons,"Kids' TV, TV Action & Adventure, Romantic TV Shows",A suspenseful ride following a group determined to uncover the truth.
s1191,Movie,Silent Streets,,"Wei Sharma, Noah Nguyen, Lucas Park, Kenji Rossi, James Silva",india,"March 9, 2020",2013,TV-14,148 min,"Comedies, Independent Movies, Thrillers","Set against a vivid backdrop, this tells a tale of ambition, loss, and reinvention."
s596,TV Show,Wild Empire,,"Meera Nguyen, Kenji Cohen, Noah Johnson, Yuki Cohen, Noah Brown",United States,"September 17, 2024",2016,TV-MA,2 Seasons,TV Dramas,A heartfelt look at ordinary lives caught in extraordinary circumstances.
s314,TV Show,Endless River,,"Aarav Tanaka, Daniel Costa",France,"May 20, 2018",2014,TV-14,1 Season,"Reality TV, International TV Shows","Set against a vivid backdrop, this tells a tale of ambition, loss, and reinvention."
s934,Movie,Quiet Echoes,Liam Nakamura,,India,"October 6, 2018",2005,R,142 min,Independent Movies,A gripping story that follows unexpected turns as characters confront their past.
s156,TV Show,Dark Shadows,Carlos Müller,"Grace Khan, Amara Nguyen, Fatima Costa",Nigeria,"July 23, 2021",2021,TV-G,5 Seasons,Kids' TV,A suspenseful ride following a group determined to uncover the truth.
s1151,TV Show,Endless Empire,,"Kenji Silva, Liam Garcia, Kenji Müller",Japan,"July 24, 2019",2019,TV-14,1 Season,"Crime TV Shows, International TV Shows, TV Comedies","Set against a vivid backdrop, this tells a tale of ambition, loss, and reinvention."
s1000,Movie,Forgotten Skyline,Elena Rossi,"Diego Fernandez, Grace Dubois, Priya Nguyen",Germany,"September 27, 2021",2013,G,67 min,Comedies,A gripping story that follows unexpected turns as characters confront their past.
s1047,Movie,Quiet Skyline,Elena Khan,,,"February 22, 2019",2012,TV-MA,85 min,"Sci-Fi & Fantasy, Action & Adventure, Horror Movies","A tightly wound story exploring family, betrayal, and the search for belonging."
s26,TV Show,Last Frontier,,,,"May 10, 2019",2019,TV-14,2 Seasons,"TV Action & Adventure, Kids' TV","A tightly wound story exploring family, betrayal, and the search for belonging."
s197,Movie,Burning Streets,Fatima Costa,"Diego Tanaka, Aiko Cohen",,"November 25, 2022",2007,G,92 min,"Thrillers, Action & Adventure","A tightly wound story exploring family, betrayal, and the search for belonging."
s1089,Movie,Forgotten Frontier,Meera Patel,"Diego Tanaka, Daniel Nakamura, Sofia Park, Daniel Brown, Daniel Nguyen",United Kingdom,"April 16, 2018",2018,R,179 min,"Comedies, Sci-Fi & Fantasy",A heartfelt look at ordinary lives caught in extraordinary circumstances.
s16,Movie,Silent Echoes,Sofia Costa,,Canada,"August 25, 2024",2021,PG,128 min,Action & Adventure,A gripping story that follows unexpected turns as characters confront their past.
s884,Movie,Last Horizon,,"Priya Garcia, Grace Müller, Noah Brown, Fatima Sharma",japan,"April 21, 2023",2023,R,72 min,Independent Movies,A heartfelt look at ordinary lives caught in extraordinary circumstances.
s622,TV Show,Crimson Storm,,"Nina Khan, Elena Nakamura, Grace Khan, Amara Dubois",Spain,"May 9, 2019",2017,TV-MA,2 Seasons,"Romantic TV Shows, TV Comedies, Anime Series","Set against a vivid backdrop, this tells a tale of ambition, loss, and reinvention."
s1051,Movie,Hidden Mirror,,,Germany,"January 3, 2024",2024,PG,163 min,"Documentaries, Action & Adventure",A gripping story that follows unexpected turns as characters confront their past.
s1068,Movie,Hidden Skyline,Wei Kim,"Amara Costa, Meera Nguyen, Amara Nakamura, Meera Park",,"October 1, 2020",2008,TV-MA,168 min,"Children & Family Movies, Documentaries",A suspenseful ride following a group determined to uncover the truth.
s498,Movie,Hidden Journey,Wei Costa,"Elena Dubois, Carlos Silva, Sofia Costa, Aarav Khan",United Kingdom,"August 24, 2024",2015,PG,67 min,"Sci-Fi & Fantasy, Thrillers",A suspenseful ride following a group determined to uncover the truth.
s793,Movie,Quiet Frontier,Aarav Costa,"Amara Dubois, Noah Müller, Carlos Rossi, Yuki Kim, James Rossi",Australia,"January 23, 2021",2020,PG-13,86 min,Romantic Movies,A suspenseful ride following a group determined to uncover the truth.
s965,Movie,Burning Mirror,Carlos Costa,"Fatima Khan, Elena Brown, Aarav Khan, Fatima Sharma",India,"October 13, 2020",2019,PG-13,117 min,Action & Adventure,An emotional journey that blends humor and heartbreak in equal measure.
s516,Movie,Burning Harbor,Carlos Sharma,"Yuki Dubois, Kenji Costa, James Kim",United States,"August 1, 2019",2011,TV-14,75 min,Children & Family Movies,A gripping story that follows unexpected turns as characters confront their past.
s1096,Movie,Lost Harbor,Amara Sharma,"Elena Park, Aiko Müller",South Korea,"April 8, 2023",2014,G,61 min,"Sci-Fi & Fantasy, Romantic Movies, Action & Adventure",A suspenseful ride following a group determined to uncover the truth.
s543,Movie,Forgotten Journey,Diego Cohen,"Aiko Khan, Meera Fernandez",United States,"February 14, 2022",2010,PG,74 min,"Children & Family Movies, Romantic Movies","A tightly wound story exploring family, betrayal, and the search for belonging."
s457,Movie,Lost Symphony,Kenji Costa,"Aiko Garcia, James Sharma",Germany,"October 26, 2022",2009,R,134 min,Comedies,A suspenseful ride following a group determined to uncover the truth.
s634,TV Show,Quiet Echoes: Tapes,Yuki Fernandez,"Liam Nguyen, Liam Dubois, Aiko Dubois, Fatima Müller, Nina Fernandez",United Kingdom,"July 12, 2020",2005,TV-14,1 Season,Anime Series,A suspenseful ride following a group determined to uncover the truth.
s432,Movie,Last Streets,Nina Brown,"Yuki Fernandez, Fatima Rossi, Priya Tanaka, Noah Nguyen, Aiko Nguyen",,"March 12, 2024",2024,R,114 min,Dramas,"A tightly wound story exploring family, betrayal, and the search for belonging."
s628,TV Show,Distant Empire,,"Priya Tanaka, Priya Dubois",United States,"January 20, 2023",2017,TV-14,3 Seasons,"Crime TV Shows, Anime Series, Romantic TV Shows",A gripping story that follows unexpected turns as characters confront their past.
s729,Movie,Forgotten Promise,,"Daniel Tanaka, Nina Müller",Australia,"June 12, 2024",2024,R,84 min,Action & Adventure,A heartfelt look at ordinary lives caught in extraordinary circumstances.
s210,Movie,Broken Frontier,,"Aiko Khan, Priya Fernandez, Elena Patel",Japan,"November 9, 2023",2010,R,134 min,Thrillers,A suspenseful ride following a group determined to uncover the truth.
s317,Movie,Dark Streets,Diego Nakamura,"Kenji Costa, James Costa",United States,"May 7, 2021",2008,PG,107 min,"Independent Movies, Sci-Fi & Fantasy, Comedies","A tightly wound story exploring family, betrayal, and the search for belonging."
s514,TV Show,Golden Legacy: Tapes,Amara Silva,"Aarav Garcia, Yuki Kim, Aarav Müller, Wei Silva",Mexico,"June 9, 2024",2017,TV-14,1 Season,Docuseries,A suspenseful ride following a group determined to uncover the truth.
s830,Movie,Broken Whisper,Amara Patel,"Grace Patel, Elena Brown, Carlos Kim, Aiko Costa",India,"February 7, 2018",2015,TV-MA,112 min,Documentaries,An emotional journey that blends humor and heartbreak in equal measure.
s320,Movie,Wild Skyline,,"Priya Rossi, Meera Khan",Canada,"May 5, 2019",2010,PG-13,96 min,"Action & Adventure, Romantic Movies",An emotional journey that blends humor and heartbreak in equal measure.
s1032,Movie,Wild Kingdom,Kenji Garcia,"Daniel Rossi, Carlos Costa, Fatima Tanaka, Priya Cohen",,"May 9, 2018",2008,R,165 min,"Action & Adventure, Romantic Movies, Dramas",A gripping story that follows unexpected turns as characters confront their past.
s142,TV Show,Distant Kingdom: Diaries,,"Carlos Silva, Aarav Nakamura",Germany,"September 5, 2018",2007,TV-MA,1 Season,"International TV Shows, Docuseries",An emotional journey that blends humor and heartbreak in equal measure.
s1111,Movie,Lost Harbor,Aarav Garcia,"Fatima Dubois, Lucas Khan, Kenji Johnson",United States,"June 24, 2022",2006,TV-14,78 min,"Sci-Fi & Fantasy, Comedies, Romantic Movies",A suspenseful ride following a group determined to uncover the truth.
s754,TV Show,Dark Skyline,,,Canada,"September 2, 2020",2005,TV-G,5 Seasons,Docuseries,An emotional journey that blends humor and heartbreak in equal measure.
s1002,Movie,Forgotten Shadows,Kenji Khan,,France,"October 9, 2021",2021,PG,133 min,"Action & Adventure, Children & Family Movies, Thrillers",A heartfelt look at ordinary lives caught in extraordinary circumstances.
s1240,TV Show,Silent River,,,France,"November 17, 2022",2022,TV-Y,1 Season,Reality TV,A gripping story that follows unexpected turns as characters confront their past.
s581,Movie,Burning Harbor,Sofia Johnson,"Carlos Kim, Kenji Nakamura, Priya Costa",United States,"August 25, 2017",2008,PG-13,173 min,Action & Adventure,A suspenseful ride following a group determined to uncover the truth.
s563,Movie,Last Storm,Meera Müller,"Liam Nguyen, Sofia Silva, Wei Dubois",Spain,"March 25, 2024",2024,PG,95 min,"Children & Family Movies, Comedies, Sci-Fi & Fantasy",A heartfelt look at ordinary lives caught in extraordinary circumstances.
s399,TV Show,Crimson Storm,,"Aiko Johnson, Diego Tanaka, Liam Park, Aiko Fernandez, Elena Fernandez",Germany,"March 27, 2017",2010,TV-Y,4 Seasons,International TV Shows,"A tightly wound story exploring family, betrayal, and the search for belonging."
s669,TV Show,Hidden Harbor,,"Aiko Park, Fatima Garcia, Amara Müller, Amara Fernandez, Lucas Dubois",United States,"July 6, 2021",2017,TV-MA,5 Seasons,International TV Shows,A heartfelt look at ordinary lives caught in extraordinary circumstances.
s253,TV Show,Crimson Storm,,"Wei Tanaka, Kenji Tanaka, Lucas Park, Meera Silva",India,"May 24, 2020",2020,TV-MA,1 Season,"Reality TV, Crime TV Shows, International TV Shows",An emotional journey that blends humor and heartbreak in equal measure.
s908,Movie,Lost Journey,Elena Müller,,United States,"June 7, 2020",2015,R,141 min,"Action & Adventure, Horror Movies, Dramas",A gripping story that follows unexpected turns as characters confront their past.
s469,Movie,Dark Symphony,Diego Costa,"Carlos Brown, Grace Tanaka, Liam Tanaka, Kenji Brown, Daniel Fernandez",Australia,"August 26, 2020",2009,TV-14,76 min,"Romantic Movies, Comedies","Set against a vivid backdrop, this tells a tale of ambition, loss, and reinvention."
s915,Movie,Hidden River,Liam Cohen,"Elena Costa, Noah Brown, Yuki Brown, Carlos Müller, Noah Garcia",Mexico,"May 26, 2020",2013,PG-13,100 min,"Dramas, Children & Family Movies","A tightly wound story exploring family, betrayal, and the search for belonging."
s358,Movie,Golden Streets,Grace Cohen,"Aarav Park, Meera Cohen, Liam Khan, Noah Sharma, Aarav Müller",United States,"January 11, 2024",2021,TV-MA,89 min,"Thrillers, Documentaries, Romantic Movies",An emotional journey that blends humor and heartbreak in equal measure.
s1203,TV Show,Quiet Symphony: Diaries,,"Liam Park, Lucas Patel",India,"March 23, 2018",2013,TV-MA,2 Seasons,"TV Comedies, Reality TV",A heartfelt look at ordinary lives caught in extraordinary circumstances.
s509,Movie,Forgotten Frontier,,,United States,"September 26, 2024",2024,PG,67 min,"Documentaries, Comedies",A suspenseful ride following a group determined to uncover the truth.
s750,Movie,Golden Streets,Amara Rossi,"Aarav Costa, Sofia Cohen",India,"June 18, 2017",2005,R,147 min,Documentaries,A gripping story that follows unexpected turns as characters confront their past.
s130,Movie,Lost Shadows,,"Elena Costa, Elena Costa, Nina Cohen, Kenji Brown",South Korea,"January 13, 2019",2019,TV-14,85 min,"Dramas, Sci-Fi & Fantasy",A gripping story that follows unexpected turns as characters confront their past.
s145,TV Show,Last Symphony,,"Kenji Kim, Liam Cohen, Kenji Tanaka, Grace Johnson",south korea,"August 27, 2018",2007,TV-Y7,5 Seasons,"Anime Series, Docuseries","A tightly wound story exploring family, betrayal, and the search for belonging."
s961,Movie,Frozen Symphony,Kenji Khan,"James Müller, Nina Costa",United States,"November 5, 2018",2016,R,100 min,Dramas,An emotional journey that blends humor and heartbreak in equal measure.
s848,Movie,Wild Horizon,,"Lucas Brown, Noah Sharma, Elena Nakamura, Elena Kim",Brazil,"April 14, 2022",2022,TV-14,67 min,Horror Movies,"Set against a vivid backdrop, this tells a tale of ambition, loss, and reinvention."
s716,TV Show,Distant Promise,,,spain,"December 3, 2023",2019,TV-14,2 Seasons,Romantic TV Shows,"Set against a vivid backdrop, this tells a tale of ambition, loss, and reinvention."
s906,Movie,Silent Storm,Noah Fernandez,,Canada,"October 11, 2020",2010,TV-MA,139 min,Dramas,An emotional journey that blends humor and heartbreak in equal measure.
s1097,TV Show,Broken Skyline: Chronicles,,"Lucas Tanaka, Wei Rossi, Daniel Silva, Elena Park, Fatima Park",Mexico,"June 18, 2019",2016,TV-14,1 Season,"TV Dramas, Crime TV Shows",A gripping story that follows unexpected turns as characters confront their past.
s236,Movie,Distant Skyline,Noah Johnson,,Brazil,"May 19, 2016",2005,TV-14,114 min,"Action & Adventure, Horror Movies",A suspenseful ride following a group determined to uncover the truth.
s1062,Movie,Wild Promise,Yuki Müller,"Aiko Park, Aarav Tanaka, Aarav Park, Liam Khan, Meera Brown",Japan,"August 2, 2024",2024,G,145 min,"Comedies, Horror Movies",A heartfelt look at ordinary lives caught in extraordinary circumstances.
